ID,LABEL
0,44
1,48
2,14
3,48
4,14
5,39
6,14
7,92
8,40
9,48
10,48
11,48
12,14
13,75
14,55
15,75
16,87
17,48
18,48
19,14
20,16
21,75
22,14
23,69
24,40
25,11
26,78
27,48
28,41
29,48
30,39
31,14
32,14
33,48
34,87
35,67
36,74
37,39
38,75
39,16
40,16
41,14
42,14
43,75
44,86
45,14
46,39
47,75
48,14
49,14
50,14
51,94
52,9
53,75
54,39
55,87
56,54
57,16
58,14
59,10
60,45
61,79
62,14
63,82
64,14
65,14
66,44
67,87
68,16
69,99
70,14
71,48
72,75
73,14
74,14
75,75
76,87
77,48
78,39
79,14
80,16
81,48
82,48
83,14
84,44
85,40
86,82
87,14
88,48
89,39
90,7
91,40
92,48
93,48
94,75
95,48
96,14
97,86
98,14
99,75
100,87
101,14
102,39
103,75
104,14
105,75
106,75
107,87
108,16
109,48
110,14
111,87
112,87
113,14
114,62
115,14
116,39
117,48
118,14
119,14
120,69
121,14
122,48
123,48
124,75
125,92
126,14
127,87
128,87
129,40
130,70
131,16
132,48
133,87
134,62
135,48
136,82
137,48
138,87
139,14
140,75
141,39
142,48
143,70
144,14
145,48
146,75
147,48
148,14
149,48
150,79
151,7
152,83
153,39
154,14
155,82
156,14
157,94
158,14
159,48
160,83
161,7
162,82
163,14
164,14
165,44
166,54
167,14
168,16
169,14
170,14
171,39
172,75
173,48
174,87
175,16
176,14
177,14
178,14
179,92
180,75
181,79
182,39
183,86
184,75
185,75
186,39
187,69
188,14
189,86
190,83
191,28
192,14
193,79
194,40
195,73
196,14
197,75
198,87
199,39
200,42
201,41
202,86
203,7
204,48
205,14
206,14
207,1
208,87
209,14
210,14
211,44
212,25
213,39
214,14
215,19
216,14
217,39
218,79
219,86
220,16
221,73
222,48
223,14
224,39
225,13
226,14
227,14
228,87
229,14
230,75
231,14
232,18
233,14
234,14
235,87
236,18
237,79
238,41
239,14
240,40
241,14
242,75
243,14
244,7
245,11
246,41
247,14
248,39
249,48
250,14
251,48
252,39
253,48
254,14
255,14
256,14
257,14
258,48
259,48
260,39
261,13
262,14
263,86
264,12
265,14
266,14
267,87
268,48
269,14
270,48
271,39
272,14
273,40
274,6
275,48
276,14
277,48
278,14
279,87
280,6
281,39
282,14
283,14
284,48
285,14
286,16
287,87
288,79
289,95
290,48
291,48
292,48
293,86
294,39
295,48
296,95
297,82
298,54
299,14
300,16
301,40
302,87
303,92
304,75
305,14
306,25
307,92
308,14
309,26
310,48
311,7
312,87
313,14
314,19
315,48
316,48
317,75
318,28
319,48
320,14
321,22
322,92
323,41
324,87
325,19
326,87
327,39
328,14
329,10
330,69
331,22
332,14
333,14
334,71
335,14
336,87
337,14
338,86
339,9
340,39
341,41
342,39
343,14
344,82
345,40
346,39
347,75
348,42
349,71
350,20
351,48
352,87
353,40
354,14
355,16
356,44
357,19
358,14
359,54
360,48
361,48
362,39
363,75
364,16
365,14
366,14
367,14
368,79
369,48
370,44
371,39
372,75
373,71
374,7
375,14
376,87
377,79
378,16
379,95
380,48
381,39
382,48
383,45
384,87
385,14
386,39
387,44
388,14
389,94
390,39
391,46
392,40
393,14
394,83
395,14
396,44
397,14
398,62
399,14
400,14
401,48
402,87
403,19
404,48
405,54
406,14
407,87
408,48
409,87
410,48
411,14
412,75
413,92
414,14
415,14
416,14
417,14
418,25
419,69
420,7
421,39
422,48
423,1
424,14
425,87
426,48
427,48
428,48
429,14
430,39
431,14
432,14
433,48
434,94
435,14
436,39
437,41
438,16
439,48
440,75
441,87
442,14
443,39
444,87
445,14
446,71
447,99
448,14
449,87
450,7
451,75
452,48
453,48
454,54
455,14
456,25
457,14
458,14
459,14
460,76
461,86
462,75
463,39
464,39
465,71
466,99
467,14
468,14
469,99
470,71
471,48
472,75
473,83
474,14
475,14
476,14
477,14
478,39
479,14
480,9
481,10
482,54
483,87
484,83
485,39
486,40
487,13
488,41
489,75
490,19
491,40
492,9
493,83
494,19
495,39
496,40
497,14
498,9
499,86
500,7
501,92
502,60
503,39
504,40
505,14
506,14
507,79
508,22
509,48
510,9
511,14
512,14
513,75
514,45
515,87
516,75
517,41
518,48
519,86
520,14
521,75
522,75
523,48
524,14
525,48
526,79
527,14
528,16
529,48
530,14
531,79
532,14
533,48
534,7
535,14
536,95
537,94
538,48
539,48
540,75
541,87
542,60
543,14
544,14
545,79
546,83
547,54
548,14
549,75
550,41
551,46
552,62
553,75
554,87
555,6
556,14
557,16
558,16
559,48
560,48
561,14
562,75
563,75
564,14
565,16
566,7
567,94
568,22
569,14
570,92
571,48
572,83
573,95
574,14
575,54
576,76
577,14
578,25
579,75
580,75
581,87
582,87
583,87
584,14
585,99
586,14
587,41
588,75
589,87
590,14
591,39
592,86
593,75
594,69
595,73
596,14
597,14
598,48
599,14
600,14
601,14
602,54
603,83
604,87
605,48
606,48
607,7
608,48
609,14
610,86
611,48
612,48
613,87
614,75
615,92
616,48
617,75
618,87
619,87
620,92
621,40
622,16
623,39
624,87
625,22
626,50
627,7
628,73
629,7
630,95
631,78
632,70
633,87
634,87
635,48
636,14
637,54
638,14
639,86
640,41
641,40
642,86
643,75
644,48
645,14
646,14
647,39
648,83
649,83
650,39
651,83
652,48
653,48
654,41
655,48
656,14
657,48
658,48
659,16
660,79
661,48
662,24
663,48
664,19
665,39
666,44
667,62
668,40
669,9
670,48
671,78
672,14
673,48
674,79
675,14
676,40
677,14
678,73
679,48
680,62
681,83
682,82
683,99
684,48
685,62
686,87
687,22
688,82
689,62
690,14
691,14
692,94
693,92
694,25
695,75
696,62
697,48
698,76
699,14
700,99
701,54
702,48
703,7
704,86
705,87
706,48
707,39
708,48
709,48
710,48
711,14
712,16
713,40
714,48
715,39
716,39
717,14
718,14
719,14
720,87
721,10
722,62
723,14
724,14
725,75
726,75
727,14
728,16
729,70
730,92
731,54
732,87
733,14
734,3
735,41
736,25
737,87
738,41
739,86
740,39
741,7
742,41
743,40
744,44
745,48
746,70
747,48
748,16
749,41
750,6
751,87
752,39
753,99
754,41
755,54
756,75
757,39
758,14
759,39
760,87
761,75
762,86
763,50
764,13
765,14
766,40
767,92
768,40
769,70
770,14
771,94
772,45
773,11
774,75
775,92
776,48
777,75
778,87
779,48
780,78
781,14
782,7
783,75
784,48
785,41
786,14
787,54
788,14
789,14
790,48
791,16
792,87
793,87
794,39
795,14
796,92
797,14
798,14
799,14
800,39
801,87
802,14
803,76
804,69
805,48
806,39
807,48
808,92
809,48
810,14
811,14
812,14
813,14
814,48
815,39
816,76
817,75
818,99
819,92
820,14
821,48
822,14
823,87
824,14
825,62
826,14
827,69
828,83
829,54
830,87
831,14
832,16
833,75
834,41
835,95
836,16
837,37
838,48
839,75
840,48
841,14
842,48
843,48
844,16
845,40
846,16
847,75
848,75
849,86
850,14
851,79
852,48
853,87
854,41
855,82
856,79
857,75
858,39
859,14
860,14
861,46
862,22
863,75
864,75
865,9
866,75
867,79
868,14
869,86
870,84
871,75
872,75
873,14
874,92
875,48
876,87
877,48
878,14
879,92
880,48
881,48
882,14
883,14
884,87
885,14
886,40
887,48
888,75
889,40
890,14
891,39
892,41
893,6
894,39
895,78
896,14
897,14
898,48
899,13
900,82
901,39
902,40
903,75
904,40
905,48
906,78
907,22
908,16
909,14
910,42
911,62
912,39
913,76
914,14
915,40
916,19
917,70
918,75
919,14
920,82
921,40
922,95
923,48
924,20
925,48
926,48
927,48
928,14
929,14
930,94
931,48
932,75
933,7
934,16
935,14
936,9
937,41
938,75
939,82
940,75
941,92
942,14
943,48
944,57
945,19
946,82
947,48
948,95
949,14
950,14
951,13
952,69
953,40
954,14
955,82
956,48
957,75
958,84
959,51
960,45
961,44
962,14
963,14
964,46
965,86
966,9
967,86
968,16
969,14
970,50
971,87
972,14
973,87
974,71
975,75
976,7
977,95
978,13
979,54
980,48
981,62
982,40
983,14
984,40
985,14
986,82
987,82
988,75
989,86
990,14
991,14
992,86
993,14
994,70
995,48
996,29
997,83
998,87
999,48
1000,1
1001,2
1002,51
1003,82
1004,14
1005,48
1006,75
1007,48
1008,75
1009,48
1010,75
1011,14
1012,48
1013,14
1014,41
1015,7
1016,19
1017,16
1018,75
1019,79
1020,16
1021,39
1022,14
1023,18
1024,87
1025,14
1026,39
1027,39
1028,87
1029,14
1030,87
1031,14
1032,48
1033,48
1034,87
1035,14
1036,14
1037,39
1038,1
1039,14
1040,39
1041,60
1042,75
1043,75
1044,14
1045,75
1046,48
1047,16
1048,39
1049,75
1050,50
1051,99
1052,82
1053,25
1054,14
1055,16
1056,48
1057,49
1058,40
1059,39
1060,99
1061,76
1062,7
1063,82
1064,48
1065,40
1066,9
1067,83
1068,87
1069,95
1070,14
1071,45
1072,45
1073,14
1074,62
1075,48
1076,7
1077,48
1078,16
1079,14
1080,40
1081,39
1082,14
1083,48
1084,16
1085,16
1086,87
1087,48
1088,78
1089,7
1090,48
1091,16
1092,78
1093,76
1094,48
1095,22
1096,14
1097,76
1098,14
1099,87
1100,86
1101,7
1102,75
1103,14
1104,76
1105,48
1106,87
1107,39
1108,7
1109,39
1110,14
1111,9
1112,86
1113,14
1114,71
1115,48
1116,14
1117,48
1118,41
1119,86
1120,41
1121,86
1122,9
1123,75
1124,14
1125,22
1126,14
1127,83
1128,86
1129,40
1130,14
1131,14
1132,45
1133,16
1134,75
1135,14
1136,44
1137,75
1138,39
1139,75
1140,6
1141,39
1142,92
1143,41
1144,39
1145,87
1146,22
1147,14
1148,40
1149,14
1150,14
1151,14
1152,14
1153,87
1154,14
1155,57
1156,39
1157,48
1158,99
1159,75
1160,8
1161,86
1162,48
1163,48
1164,78
1165,69
1166,14
1167,14
1168,48
1169,41
1170,39
1171,39
1172,9
1173,14
1174,39
1175,86
1176,14
1177,40
1178,14
1179,87
1180,87
1181,82
1182,86
1183,78
1184,41
1185,39
1186,6
1187,14
1188,54
1189,14
1190,57
1191,86
1192,39
1193,92
1194,82
1195,48
1196,75
1197,62
1198,40
1199,40
1200,75
1201,94
1202,79
1203,87
1204,46
1205,70
1206,75
1207,48
1208,48
1209,2
1210,76
1211,14
1212,44
1213,69
1214,41
1215,87
1216,78
1217,41
1218,46
1219,14
1220,62
1221,16
1222,75
1223,87
1224,48
1225,39
1226,14
1227,75
1228,48
1229,39
1230,14
1231,75
1232,75
1233,10
1234,75
1235,55
1236,41
1237,82
1238,44
1239,48
1240,48
1241,48
1242,75
1243,87
1244,9
1245,60
1246,9
1247,48
1248,40
1249,16
1250,1
1251,40
1252,83
1253,22
1254,94
1255,86
1256,75
1257,76
1258,1
1259,86
1260,14
1261,48
1262,14
1263,14
1264,16
1265,16
1266,14
1267,14
1268,39
1269,75
1270,87
1271,48
1272,95
1273,75
1274,14
1275,62
1276,86
1277,23
1278,79
1279,48
1280,14
1281,60
1282,14
1283,75
1284,86
1285,44
1286,92
1287,16
1288,75
1289,39
1290,87
1291,41
1292,1
1293,14
1294,39
1295,57
1296,18
1297,45
1298,14
1299,14
1300,39
1301,28
1302,75
1303,71
1304,87
1305,87
1306,87
1307,87
1308,48
1309,99
1310,48
1311,39
1312,48
1313,75
1314,39
1315,87
1316,67
1317,48
1318,14
1319,14
1320,14
1321,14
1322,75
1323,95
1324,86
1325,48
1326,14
1327,46
1328,12
1329,86
1330,82
1331,79
1332,40
1333,45
1334,82
1335,14
1336,40
1337,48
1338,14
1339,14
1340,75
1341,14
1342,14
1343,87
1344,48
1345,40
1346,16
1347,75
1348,75
1349,22
1350,87
1351,16
1352,14
1353,39
1354,39
1355,14
1356,86
1357,40
1358,48
1359,39
1360,62
1361,7
1362,14
1363,14
1364,14
1365,14
1366,14
1367,99
1368,14
1369,76
1370,14
1371,79
1372,61
1373,48
1374,82
1375,87
1376,48
1377,14
1378,64
1379,14
1380,86
1381,40
1382,14
1383,40
1384,40
1385,9
1386,14
1387,75
1388,48
1389,48
1390,14
1391,14
1392,14
1393,14
1394,14
1395,83
1396,40
1397,75
1398,13
1399,48
1400,48
1401,48
1402,71
1403,75
1404,71
1405,87
1406,87
1407,14
1408,92
1409,86
1410,14
1411,82
1412,7
1413,76
1414,14
1415,14
1416,48
1417,16
1418,75
1419,79
1420,48
1421,76
1422,98
1423,11
1424,14
1425,48
1426,87
1427,20
1428,40
1429,82
1430,39
1431,94
1432,83
1433,14
1434,48
1435,14
1436,75
1437,44
1438,75
1439,6
1440,86
1441,14
1442,22
1443,92
1444,48
1445,14
1446,14
1447,14
1448,86
1449,14
1450,6
1451,48
1452,39
1453,48
1454,40
1455,75
1456,14
1457,87
1458,75
1459,39
1460,16
1461,14
1462,69
1463,50
1464,75
1465,48
1466,41
1467,82
1468,14
1469,14
1470,91
1471,62
1472,9
1473,41
1474,69
1475,10
1476,45
1477,76
1478,86
1479,16
1480,14
1481,39
1482,79
1483,6
1484,11
1485,86
1486,78
1487,61
1488,40
1489,1
1490,48
1491,14
1492,39
1493,48
1494,75
1495,94
1496,75
1497,24
1498,14
1499,14
1500,75
1501,14
1502,14
1503,75
1504,14
1505,67
1506,14
1507,13
1508,48
1509,40
1510,87
1511,14
1512,14
1513,16
1514,87
1515,92
1516,14
1517,87
1518,40
1519,16
1520,9
1521,14
1522,14
1523,87
1524,14
1525,48
1526,75
1527,87
1528,41
1529,70
1530,39
1531,40
1532,48
1533,39
1534,79
1535,75
1536,87
1537,83
1538,28
1539,39
1540,14
1541,14
1542,41
1543,82
1544,14
1545,48
1546,6
1547,58
1548,14
1549,39
1550,48
1551,78
1552,39
1553,14
1554,39
1555,14
1556,39
1557,14
1558,39
1559,14
1560,75
1561,9
1562,75
1563,16
1564,16
1565,14
1566,7
1567,79
1568,14
1569,9
1570,14
1571,87
1572,48
1573,75
1574,83
1575,39
1576,14
1577,75
1578,10
1579,75
1580,14
1581,87
1582,19
1583,39
1584,41
1585,6
1586,48
1587,66
1588,7
1589,94
1590,25
1591,14
1592,39
1593,22
1594,78
1595,7
1596,14
1597,39
1598,16
1599,87
1600,76
1601,87
1602,48
1603,48
1604,48
1605,7
1606,66
1607,39
1608,54
1609,48
1610,48
1611,92
1612,87
1613,75
1614,87
1615,19
1616,41
1617,86
1618,45
1619,22
1620,86
1621,19
1622,9
1623,98
1624,75
1625,6
1626,14
1627,79
1628,92
1629,16
1630,14
1631,14
1632,40
1633,7
1634,14
1635,76
1636,82
1637,87
1638,41
1639,14
1640,83
1641,14
1642,87
1643,11
1644,41
1645,87
1646,41
1647,48
1648,75
1649,14
1650,48
1651,48
1652,48
1653,99
1654,48
1655,14
1656,48
1657,87
1658,87
1659,41
1660,16
1661,87
1662,14
1663,87
1664,62
1665,14
1666,14
1667,78
1668,14
1669,87
1670,94
1671,75
1672,39
1673,40
1674,40
1675,48
1676,41
1677,16
1678,87
1679,13
1680,14
1681,79
1682,14
1683,87
1684,92
1685,82
1686,19
1687,41
1688,73
1689,9
1690,45
1691,19
1692,14
1693,48
1694,14
1695,16
1696,14
1697,41
1698,75
1699,83
1700,14
1701,40
1702,39
1703,14
1704,14
1705,48
1706,75
1707,87
1708,87
1709,14
1710,41
1711,87
1712,45
1713,14
1714,75
1715,9
1716,48
1717,1
1718,39
1719,14
1720,54
1721,86
1722,41
1723,14
1724,86
1725,16
1726,40
1727,48
1728,14
1729,82
1730,82
1731,14
1732,41
1733,14
1734,46
1735,46
1736,13
1737,39
1738,94
1739,40
1740,75
1741,14
1742,48
1743,48
1744,75
1745,62
1746,14
1747,75
1748,14
1749,39
1750,14
1751,39
1752,14
1753,75
1754,16
1755,87
1756,48
1757,78
1758,25
1759,75
1760,39
1761,14
1762,62
1763,86
1764,39
1765,14
1766,86
1767,48
1768,14
1769,55
1770,40
1771,48
1772,83
1773,75
1774,14
1775,14
1776,87
1777,41
1778,71
1779,39
1780,69
1781,54
1782,48
1783,40
1784,9
1785,40
1786,83
1787,14
1788,87
1789,14
1790,86
1791,19
1792,48
1793,14
1794,79
1795,14
1796,87
1797,39
1798,76
1799,25
1800,39
1801,79
1802,86
1803,28
1804,75
1805,76
1806,39
1807,74
1808,14
1809,48
1810,86
1811,87
1812,39
1813,87
1814,94
1815,75
1816,16
1817,19
1818,9
1819,82
1820,39
1821,39
1822,40
1823,75
1824,79
1825,14
1826,83
1827,6
1828,71
1829,86
1830,14
1831,14
1832,7
1833,14
1834,86
1835,14
1836,14
1837,16
1838,86
1839,48
1840,54
1841,48
1842,87
1843,39
1844,14
1845,48
1846,6
1847,78
1848,14
1849,48
1850,87
1851,14
1852,44
1853,86
1854,75
1855,39
1856,14
1857,16
1858,86
1859,48
1860,63
1861,14
1862,75
1863,74
1864,87
1865,14
1866,7
1867,87
1868,14
1869,44
1870,14
1871,48
1872,62
1873,32
1874,14
1875,40
1876,82
1877,16
1878,41
1879,16
1880,14
1881,83
1882,86
1883,14
1884,87
1885,48
1886,41
1887,48
1888,39
1889,14
1890,11
1891,48
1892,75
1893,14
1894,9
1895,14
1896,78
1897,75
1898,86
1899,39
1900,13
1901,62
1902,7
1903,48
1904,75
1905,14
1906,99
1907,14
1908,62
1909,39
1910,12
1911,39
1912,14
1913,75
1914,48
1915,64
1916,9
1917,7
1918,48
1919,22
1920,13
1921,86
1922,41
1923,14
1924,14
1925,39
1926,39
1927,39
1928,75
1929,40
1930,75
1931,86
1932,48
1933,45
1934,48
1935,48
1936,48
1937,14
1938,40
1939,14
1940,48
1941,9
1942,92
1943,44
1944,19
1945,75
1946,16
1947,18
1948,40
1949,75
1950,95
1951,48
1952,87
1953,9
1954,14
1955,16
1956,7
1957,39
1958,14
1959,78
1960,48
1961,40
1962,14
1963,86
1964,48
1965,6
1966,16
1967,40
1968,14
1969,99
1970,92
1971,9
1972,2
1973,14
1974,7
1975,39
1976,48
1977,39
1978,45
1979,75
1980,75
1981,82
1982,14
1983,39
1984,48
1985,41
1986,48
1987,39
1988,87
1989,22
1990,14
1991,41
1992,14
1993,48
1994,54
1995,78
1996,92
1997,82
1998,39
1999,92
2000,79
2001,14
2002,14
2003,39
2004,14
2005,39
2006,40
2007,87
2008,7
2009,48
2010,16
2011,75
2012,48
2013,87
2014,87
2015,14
2016,62
2017,87
2018,14
2019,18
2020,48
2021,63
2022,14
2023,39
2024,14
2025,25
2026,75
2027,62
2028,14
2029,7
2030,48
2031,14
2032,92
2033,86
2034,41
2035,86
2036,92
2037,76
2038,48
2039,75
2040,95
2041,14
2042,75
2043,14
2044,14
2045,94
2046,87
2047,99
2048,70
2049,39
2050,75
2051,25
2052,16
2053,39
2054,83
2055,62
2056,20
2057,78
2058,14
2059,14
2060,86
2061,48
2062,7
2063,41
2064,7
2065,22
2066,39
2067,87
2068,14
2069,14
2070,28
2071,71
2072,9
2073,14
2074,14
2075,87
2076,16
2077,48
2078,48
2079,14
2080,75
2081,16
2082,41
2083,41
2084,39
2085,75
2086,48
2087,39
2088,7
2089,48
2090,14
2091,41
2092,25
2093,40
2094,40
2095,14
2096,14
2097,8
2098,39
2099,48
2100,50
2101,14
2102,39
2103,14
2104,31
2105,7
2106,75
2107,40
2108,75
2109,40
2110,25
2111,87
2112,41
2113,40
2114,14
2115,14
2116,87
2117,16
2118,75
2119,14
2120,9
2121,92
2122,87
2123,7
2124,75
2125,48
2126,25
2127,28
2128,82
2129,48
2130,18
2131,48
2132,39
2133,28
2134,39
2135,48
2136,39
2137,87
2138,48
2139,92
2140,70
2141,48
2142,14
2143,87
2144,95
2145,7
2146,11
2147,79
2148,75
2149,61
2150,48
2151,6
2152,92
2153,39
2154,14
2155,48
2156,14
2157,14
2158,14
2159,92
2160,86
2161,14
2162,14
2163,12
2164,16
2165,75
2166,39
2167,14
2168,78
2169,54
2170,48
2171,48
2172,75
2173,14
2174,75
2175,16
2176,48
2177,25
2178,14
2179,16
2180,95
2181,86
2182,14
2183,39
2184,40
2185,92
2186,75
2187,75
2188,75
2189,87
2190,16
2191,39
2192,14
2193,99
2194,87
2195,86
2196,14
2197,16
2198,22
2199,6
2200,87
2201,25
2202,14
2203,39
2204,40
2205,86
2206,48
2207,82
2208,14
2209,95
2210,94
2211,39
2212,14
2213,86
2214,41
2215,14
2216,75
2217,22
2218,14
2219,14
2220,41
2221,14
2222,12
2223,39
2224,39
2225,48
2226,75
2227,75
2228,48
2229,92
2230,14
2231,41
2232,16
2233,14
2234,48
2235,40
2236,14
2237,67
2238,14
2239,39
2240,83
2241,48
2242,7
2243,16
2244,82
2245,14
2246,41
2247,28
2248,16
2249,19
2250,14
2251,14
2252,87
2253,14
2254,40
2255,7
2256,14
2257,87
2258,14
2259,39
2260,39
2261,87
2262,46
2263,48
2264,39
2265,14
2266,14
2267,14
2268,87
2269,82
2270,14
2271,83
2272,92
2273,48
2274,48
2275,14
2276,75
2277,14
2278,9
2279,14
2280,20
2281,7
2282,14
2283,14
2284,48
2285,20
2286,39
2287,87
2288,75
2289,87
2290,16
2291,75
2292,48
2293,14
2294,16
2295,14
2296,39
2297,87
2298,39
2299,48
2300,87
2301,39
2302,9
2303,83
2304,18
2305,9
2306,99
2307,19
2308,87
2309,14
2310,67
2311,75
2312,7
2313,73
2314,48
2315,95
2316,6
2317,48
2318,76
2319,86
2320,75
2321,75
2322,32
2323,48
2324,86
2325,9
2326,6
2327,87
2328,75
2329,40
2330,79
2331,99
2332,48
2333,14
2334,82
2335,44
2336,75
2337,87
2338,75
2339,9
2340,48
2341,75
2342,39
2343,48
2344,87
2345,83
2346,87
2347,62
2348,14
2349,39
2350,48
2351,16
2352,75
2353,7
2354,99
2355,48
2356,7
2357,40
2358,86
2359,75
2360,48
2361,39
2362,14
2363,14
2364,48
2365,14
2366,14
2367,62
2368,87
2369,48
2370,46
2371,87
2372,14
2373,83
2374,14
2375,14
2376,75
2377,14
2378,14
2379,48
2380,44
2381,79
2382,14
2383,39
2384,14
2385,48
2386,48
2387,87
2388,48
2389,41
2390,14
2391,75
2392,14
2393,48
2394,62
2395,87
2396,87
2397,76
2398,75
2399,14
2400,75
2401,14
2402,87
2403,44
2404,14
2405,14
2406,75
2407,75
2408,14
2409,16
2410,75
2411,48
2412,48
2413,48
2414,98
2415,14
2416,48
2417,75
2418,75
2419,48
2420,28
2421,16
2422,87
2423,75
2424,62
2425,14
2426,83
2427,14
2428,39
2429,87
2430,71
2431,75
2432,6
2433,69
2434,14
2435,14
2436,9
2437,14
2438,48
2439,87
2440,16
2441,82
2442,75
2443,39
2444,62
2445,61
2446,75
2447,48
2448,14
2449,14
2450,14
2451,19
2452,79
2453,76
2454,48
2455,79
2456,48
2457,29
2458,14
2459,66
2460,82
2461,39
2462,41
2463,78
2464,75
2465,14
2466,16
2467,75
2468,48
2469,1
2470,40
2471,75
2472,26
2473,39
2474,48
2475,14
2476,71
2477,48
2478,14
2479,76
2480,78
2481,87
2482,16
2483,40
2484,25
2485,48
2486,75
2487,48
2488,75
2489,87
2490,48
2491,14
2492,14
2493,87
2494,14
2495,72
2496,14
2497,14
2498,92
2499,75
2500,14
2501,87
2502,39
2503,14
2504,14
2505,48
2506,70
2507,39
2508,16
2509,39
2510,14
2511,48
2512,20
2513,54
2514,82
2515,14
2516,16
2517,39
2518,16
2519,48
2520,84
2521,40
2522,75
2523,86
2524,14
2525,14
2526,48
2527,16
2528,14
2529,75
2530,39
2531,95
2532,75
2533,14
2534,16
2535,62
2536,14
2537,14
2538,14
2539,7
2540,87
2541,87
2542,75
2543,14
2544,14
2545,69
2546,39
2547,3
2548,39
2549,48
2550,48
2551,14
2552,76
2553,40
2554,39
2555,14
2556,14
2557,39
2558,48
2559,48
2560,39
2561,39
2562,54
2563,50
2564,11
2565,48
2566,75
2567,16
2568,14
2569,39
2570,48
2571,83
2572,95
2573,86
2574,44
2575,9
2576,14
2577,14
2578,82
2579,14
2580,16
2581,31
2582,48
2583,48
2584,7
2585,75
2586,87
2587,39
2588,14
2589,76
2590,76
2591,84
2592,41
2593,86
2594,75
2595,40
2596,75
2597,75
2598,48
2599,70
2600,8
2601,19
2602,75
2603,48
2604,14
2605,14
2606,71
2607,40
2608,62
2609,87
2610,14
2611,86
2612,14
2613,14
2614,46
2615,39
2616,14
2617,92
2618,75
2619,83
2620,14
2621,14
2622,87
2623,14
2624,87
2625,41
2626,83
2627,14
2628,74
2629,14
2630,39
2631,83
2632,95
2633,39
2634,60
2635,25
2636,25
2637,16
2638,14
2639,14
2640,40
2641,7
2642,71
2643,48
2644,14
2645,75
2646,7
2647,14
2648,41
2649,39
2650,86
2651,9
2652,39
2653,39
2654,7
2655,40
2656,62
2657,73
2658,16
2659,75
2660,19
2661,14
2662,87
2663,14
2664,87
2665,76
2666,14
2667,44
2668,95
2669,16
2670,48
2671,41
2672,75
2673,41
2674,16
2675,48
2676,48
2677,45
2678,48
2679,87
2680,62
2681,70
2682,14
2683,14
2684,39
2685,7
2686,83
2687,76
2688,62
2689,48
2690,14
2691,14
2692,14
2693,40
2694,16
2695,40
2696,14
2697,16
2698,75
2699,40
2700,62
2701,14
2702,48
2703,14
2704,39
2705,48
2706,14
2707,41
2708,40
2709,87
2710,92
2711,54
2712,16
2713,40
2714,14
2715,82
2716,16
2717,75
2718,75
2719,39
2720,82
2721,69
2722,40
2723,87
2724,87
2725,48
2726,66
2727,48
2728,75
2729,79
2730,54
2731,14
2732,16
2733,16
2734,87
2735,87
2736,87
2737,83
2738,6
2739,60
2740,75
2741,48
2742,16
2743,48
2744,48
2745,14
2746,39
2747,39
2748,39
2749,74
2750,40
2751,14
2752,14
2753,7
2754,11
2755,7
2756,41
2757,75
2758,86
2759,41
2760,41
2761,14
2762,76
2763,48
2764,7
2765,76
2766,48
2767,14
2768,75
2769,16
2770,14
2771,48
2772,14
2773,48
2774,40
2775,14
2776,14
2777,48
2778,48
2779,48
2780,39
2781,28
2782,99
2783,39
2784,14
2785,94
2786,2
2787,87
2788,39
2789,62
2790,75
2791,75
2792,48
2793,25
2794,14
2795,83
2796,75
2797,94
2798,87
2799,1
2800,16
2801,41
2802,48
2803,7
2804,39
2805,48
2806,75
2807,48
2808,48
2809,74
2810,75
2811,14
2812,87
2813,39
2814,40
2815,75
2816,14
2817,75
2818,54
2819,48
2820,7
2821,40
2822,94
2823,14
2824,40
2825,14
2826,14
2827,22
2828,40
2829,48
2830,14
2831,86
2832,40
2833,86
2834,75
2835,46
2836,41
2837,9
2838,41
2839,48
2840,50
2841,48
2842,14
2843,48
2844,87
2845,54
2846,82
2847,11
2848,95
2849,14
2850,87
2851,92
2852,44
2853,92
2854,75
2855,75
2856,25
2857,75
2858,48
2859,16
2860,48
2861,9
2862,75
2863,14
2864,48
2865,48
2866,82
2867,86
2868,14
2869,14
2870,74
2871,14
2872,71
2873,95
2874,14
2875,95
2876,14
2877,69
2878,62
2879,40
2880,41
2881,14
2882,16
2883,14
2884,16
2885,14
2886,75
2887,14
2888,14
2889,86
2890,95
2891,69
2892,48
2893,6
2894,40
2895,86
2896,53
2897,76
2898,41
2899,7
2900,14
2901,86
2902,14
2903,14
2904,83
2905,48
2906,48
2907,40
2908,46
2909,9
2910,87
2911,14
2912,48
2913,11
2914,19
2915,1
2916,16
2917,14
2918,14
2919,41
2920,14
2921,39
2922,86
2923,14
2924,16
2925,87
2926,87
2927,48
2928,39
2929,14
2930,40
2931,14
2932,78
2933,14
2934,14
2935,48
2936,14
2937,14
2938,16
2939,44
2940,87
2941,79
2942,40
2943,40
2944,14
2945,16
2946,39
2947,25
2948,86
2949,39
2950,9
2951,39
2952,86
2953,19
2954,87
2955,9
2956,48
2957,16
2958,14
2959,48
2960,92
2961,86
2962,14
2963,48
2964,99
2965,48
2966,14
2967,14
2968,14
2969,45
2970,40
2971,20
2972,14
2973,75
2974,14
2975,14
2976,75
2977,48
2978,87
2979,48
2980,40
2981,14
2982,60
2983,82
2984,14
2985,70
2986,39
2987,48
2988,41
2989,75
2990,86
2991,14
2992,14
2993,78
2994,16
2995,14
2996,48
2997,62
2998,26
2999,87
3000,48
3001,16
3002,14
3003,40
3004,87
3005,14
3006,73
3007,48
3008,22
3009,75
3010,75
3011,44
3012,14
3013,48
3014,69
3015,48
3016,48
3017,48
3018,14
3019,40
3020,9
3021,99
3022,22
3023,16
3024,26
3025,82
3026,40
3027,14
3028,95
3029,19
3030,84
3031,62
3032,48
3033,14
3034,78
3035,75
3036,94
3037,75
3038,48
3039,83
3040,14
3041,14
3042,39
3043,86
3044,75
3045,69
3046,48
3047,86
3048,82
3049,39
3050,39
3051,87
3052,14
3053,48
3054,16
3055,86
3056,95
3057,48
3058,39
3059,14
3060,75
3061,86
3062,92
3063,7
3064,16
3065,48
3066,75
3067,62
3068,48
3069,87
3070,48
3071,48
3072,87
3073,87
3074,14
3075,94
3076,14
3077,48
3078,14
3079,45
3080,41
3081,81
3082,99
3083,40
3084,14
3085,19
3086,46
3087,14
3088,87
3089,48
3090,41
3091,48
3092,48
3093,16
3094,75
3095,87
3096,14
3097,48
3098,22
3099,48
3100,6
3101,62
3102,75
3103,14
3104,48
3105,41
3106,16
3107,14
3108,44
3109,14
3110,54
3111,75
3112,87
3113,75
3114,48
3115,14
3116,16
3117,75
3118,16
3119,7
3120,14
3121,16
3122,15
3123,48
3124,48
3125,39
3126,78
3127,62
3128,71
3129,24
3130,83
3131,74
3132,44
3133,76
3134,44
3135,92
3136,99
3137,48
3138,7
3139,67
3140,5
3141,75
3142,92
3143,83
3144,28
3145,14
3146,14
3147,86
3148,99
3149,8
3150,62
3151,39
3152,14
3153,40
3154,95
3155,14
3156,86
3157,22
3158,14
3159,7
3160,40
3161,45
3162,14
3163,48
3164,7
3165,86
3166,14
3167,87
3168,57
3169,14
3170,48
3171,48
3172,92
3173,92
3174,48
3175,51
3176,60
3177,14
3178,24
3179,75
3180,70
3181,7
3182,48
3183,76
3184,48
3185,48
3186,14
3187,19
3188,14
3189,75
3190,62
3191,14
3192,71
3193,40
3194,86
3195,20
3196,82
3197,41
3198,87
3199,75
3200,7
3201,39
3202,62
3203,6
3204,87
3205,54
3206,11
3207,22
3208,16
3209,99
3210,22
3211,87
3212,14
3213,35
3214,14
3215,39
3216,86
3217,70
3218,22
3219,86
3220,14
3221,14
3222,87
3223,14
3224,14
3225,87
3226,73
3227,76
3228,39
3229,87
3230,48
3231,25
3232,86
3233,48
3234,48
3235,19
3236,14
3237,48
3238,14
3239,86
3240,16
3241,14
3242,45
3243,75
3244,46
3245,14
3246,48
3247,14
3248,83
3249,75
3250,48
3251,48
3252,75
3253,48
3254,87
3255,39
3256,71
3257,99
3258,1
3259,87
3260,24
3261,87
3262,11
3263,50
3264,87
3265,14
3266,46
3267,41
3268,16
3269,48
3270,48
3271,14
3272,39
3273,14
3274,41
3275,39
3276,89
3277,75
3278,62
3279,39
3280,23
3281,41
3282,39
3283,87
3284,40
3285,44
3286,40
3287,40
3288,44
3289,41
3290,82
3291,16
3292,14
3293,99
3294,40
3295,25
3296,75
3297,14
3298,75
3299,75
3300,11
3301,19
3302,14
3303,14
3304,9
3305,14
3306,40
3307,78
3308,48
3309,39
3310,39
3311,39
3312,75
3313,1
3314,48
3315,39
3316,16
3317,14
3318,7
3319,48
3320,75
3321,48
3322,40
3323,48
3324,16
3325,48
3326,16
3327,14
3328,14
3329,87
3330,22
3331,86
3332,40
3333,87
3334,39
3335,48
3336,39
3337,14
3338,75
3339,62
3340,62
3341,41
3342,75
3343,14
3344,39
3345,14
3346,75
3347,79
3348,44
3349,48
3350,14
3351,99
3352,87
3353,76
3354,39
3355,45
3356,48
3357,87
3358,48
3359,3
3360,14
3361,14
3362,48
3363,86
3364,87
3365,75
3366,83
3367,75
3368,48
3369,48
3370,24
3371,48
3372,48
3373,16
3374,14
3375,62
3376,16
3377,75
3378,50
3379,75
3380,75
3381,44
3382,48
3383,14
3384,87
3385,48
3386,16
3387,75
3388,86
3389,87
3390,75
3391,6
3392,40
3393,14
3394,39
3395,39
3396,87
3397,14
3398,48
3399,48
3400,48
3401,14
3402,14
3403,40
3404,14
3405,39
3406,45
3407,48
3408,16
3409,41
3410,16
3411,14
3412,48
3413,45
3414,48
3415,25
3416,42
3417,14
3418,69
3419,40
3420,14
3421,48
3422,75
3423,99
3424,40
3425,14
3426,60
3427,41
3428,14
3429,75
3430,39
3431,14
3432,14
3433,6
3434,48
3435,14
3436,39
3437,16
3438,14
3439,48
3440,62
3441,48
3442,82
3443,11
3444,48
3445,75
3446,20
3447,14
3448,66
3449,82
3450,9
3451,19
3452,75
3453,6
3454,48
3455,9
3456,75
3457,7
3458,87
3459,40
3460,99
3461,39
3462,54
3463,14
3464,9
3465,87
3466,7
3467,7
3468,75
3469,75
3470,14
3471,75
3472,14
3473,41
3474,14
3475,40
3476,95
3477,39
3478,86
3479,40
3480,14
3481,48
3482,41
3483,16
3484,14
3485,94
3486,44
3487,11
3488,87
3489,54
3490,92
3491,87
3492,14
3493,87
3494,48
3495,44
3496,19
3497,75
3498,7
3499,14
3500,14
3501,40
3502,48
3503,87
3504,87
3505,39
3506,48
3507,48
3508,75
3509,87
3510,79
3511,87
3512,75
3513,62
3514,14
3515,75
3516,16
3517,75
3518,87
3519,79
3520,39
3521,48
3522,76
3523,11
3524,44
3525,40
3526,87
3527,1
3528,14
3529,45
3530,86
3531,32
3532,48
3533,48
3534,62
3535,75
3536,75
3537,39
3538,92
3539,48
3540,22
3541,41
3542,41
3543,65
3544,40
3545,79
3546,40
3547,82
3548,14
3549,39
3550,48
3551,14
3552,62
3553,48
3554,48
3555,16
3556,75
3557,14
3558,87
3559,9
3560,75
3561,14
3562,48
3563,16
3564,31
3565,14
3566,18
3567,54
3568,41
3569,14
3570,14
3571,39
3572,14
3573,70
3574,87
3575,87
3576,95
3577,75
3578,48
3579,87
3580,74
3581,7
3582,79
3583,16
3584,39
3585,14
3586,28
3587,41
3588,75
3589,14
3590,86
3591,9
3592,14
3593,14
3594,87
3595,48
3596,82
3597,16
3598,75
3599,87
3600,48
3601,76
3602,14
3603,76
3604,87
3605,87
3606,54
3607,14
3608,86
3609,39
3610,45
3611,39
3612,40
3613,14
3614,75
3615,26
3616,94
3617,82
3618,16
3619,87
3620,75
3621,78
3622,75
3623,16
3624,82
3625,87
3626,39
3627,39
3628,70
3629,14
3630,48
3631,82
3632,70
3633,62
3634,16
3635,19
3636,86
3637,14
3638,41
3639,14
3640,87
3641,71
3642,14
3643,87
3644,48
3645,41
3646,75
3647,16
3648,48
3649,63
3650,39
3651,14
3652,14
3653,75
3654,87
3655,75
3656,14
3657,48
3658,14
3659,14
3660,48
3661,48
3662,48
3663,14
3664,48
3665,40
3666,48
3667,50
3668,16
3669,14
3670,39
3671,48
3672,14
3673,75
3674,75
3675,75
3676,95
3677,48
3678,75
3679,86
3680,87
3681,39
3682,16
3683,14
3684,86
3685,14
3686,48
3687,39
3688,25
3689,79
3690,14
3691,7
3692,14
3693,44
3694,14
3695,14
3696,48
3697,14
3698,18
3699,75
3700,67
3701,83
3702,51
3703,39
3704,74
3705,75
3706,14
3707,92
3708,39
3709,41
3710,14
3711,82
3712,16
3713,87
3714,44
3715,14
3716,87
3717,39
3718,1
3719,25
3720,14
3721,83
3722,14
3723,14
3724,39
3725,14
3726,22
3727,87
3728,44
3729,14
3730,14
3731,14
3732,48
3733,14
3734,79
3735,75
3736,87
3737,39
3738,86
3739,14
3740,48
3741,16
3742,99
3743,48
3744,99
3745,48
3746,39
3747,41
3748,29
3749,41
3750,3
3751,14
3752,39
3753,87
3754,14
3755,48
3756,48
3757,14
3758,16
3759,14
3760,48
3761,87
3762,87
3763,75
3764,48
3765,7
3766,87
3767,75
3768,73
3769,48
3770,12
3771,14
3772,54
3773,48
3774,14
3775,10
3776,16
3777,14
3778,11
3779,87
3780,39
3781,14
3782,7
3783,11
3784,86
3785,48
3786,39
3787,46
3788,14
3789,14
3790,25
3791,14
3792,14
3793,14
3794,26
3795,14
3796,14
3797,7
3798,7
3799,87
3800,48
3801,70
3802,75
3803,41
3804,24
3805,40
3806,87
3807,41
3808,75
3809,29
3810,48
3811,94
3812,94
3813,82
3814,74
3815,14
3816,40
3817,1
3818,19
3819,40
3820,60
3821,87
3822,14
3823,40
3824,48
3825,16
3826,94
3827,82
3828,14
3829,87
3830,48
3831,14
3832,44
3833,48
3834,41
3835,87
3836,94
3837,48
3838,75
3839,87
3840,46
3841,19
3842,14
3843,6
3844,14
3845,41
3846,87
3847,67
3848,12
3849,48
3850,75
3851,14
3852,41
3853,48
3854,40
3855,41
3856,48
3857,75
3858,54
3859,14
3860,40
3861,82
3862,14
3863,14
3864,87
3865,14
3866,40
3867,82
3868,48
3869,48
3870,44
3871,2
3872,84
3873,75
3874,44
3875,39
3876,48
3877,39
3878,7
3879,14
3880,78
3881,54
3882,95
3883,82
3884,70
3885,7
3886,6
3887,40
3888,82
3889,40
3890,14
3891,87
3892,75
3893,41
3894,41
3895,39
3896,14
3897,14
3898,14
3899,40
3900,14
3901,16
3902,7
3903,39
3904,14
3905,83
3906,74
3907,16
3908,16
3909,48
3910,48
3911,50
3912,41
3913,86
3914,48
3915,14
3916,48
3917,83
3918,8
3919,16
3920,48
3921,14
3922,48
3923,14
3924,7
3925,94
3926,48
3927,65
3928,82
3929,44
3930,16
3931,39
3932,86
3933,14
3934,86
3935,41
3936,39
3937,87
3938,16
3939,66
3940,48
3941,16
3942,6
3943,40
3944,48
3945,87
3946,48
3947,86
3948,14
3949,48
3950,9
3951,87
3952,41
3953,19
3954,83
3955,14
3956,16
3957,14
3958,39
3959,83
3960,14
3961,14
3962,14
3963,46
3964,41
3965,54
3966,48
3967,39
3968,11
3969,48
3970,39
3971,75
3972,14
3973,67
3974,86
3975,87
3976,75
3977,86
3978,14
3979,75
3980,14
3981,16
3982,16
3983,14
3984,48
3985,75
3986,41
3987,48
3988,14
3989,86
3990,16
3991,9
3992,48
3993,40
3994,14
3995,48
3996,87
3997,60
3998,75
3999,48
4000,20
4001,51
4002,75
4003,42
4004,48
4005,7
4006,69
4007,41
4008,14
4009,48
4010,82
4011,83
4012,75
4013,8
4014,14
4015,14
4016,48
4017,87
4018,40
4019,14
4020,41
4021,14
4022,16
4023,75
4024,86
4025,40
4026,9
4027,75
4028,14
4029,26
4030,79
4031,14
4032,48
4033,82
4034,14
4035,39
4036,75
4037,14
4038,75
4039,48
4040,14
4041,14
4042,9
4043,39
4044,16
4045,54
4046,39
4047,42
4048,84
4049,14
4050,16
4051,48
4052,39
4053,99
4054,48
4055,48
4056,25
4057,95
4058,41
4059,14
4060,14
4061,48
4062,14
4063,87
4064,14
4065,54
4066,48
4067,13
4068,14
4069,48
4070,62
4071,14
4072,75
4073,40
4074,28
4075,1
4076,48
4077,7
4078,86
4079,7
4080,39
4081,9
4082,76
4083,39
4084,40
4085,19
4086,14
4087,14
4088,40
4089,14
4090,22
4091,14
4092,48
4093,14
4094,87
4095,48
4096,48
4097,14
4098,82
4099,79
4100,39
4101,14
4102,70
4103,14
4104,39
4105,40
4106,48
4107,92
4108,87
4109,14
4110,14
4111,39
4112,20
4113,14
4114,32
4115,48
4116,48
4117,14
4118,86
4119,75
4120,25
4121,94
4122,99
4123,14
4124,48
4125,39
4126,39
4127,14
4128,14
4129,14
4130,14
4131,48
4132,83
4133,39
4134,19
4135,75
4136,9
4137,86
4138,75
4139,13
4140,75
4141,39
4142,82
4143,41
4144,99
4145,95
4146,39
4147,75
4148,16
4149,75
4150,78
4151,39
4152,39
4153,54
4154,14
4155,41
4156,26
4157,87
4158,14
4159,20
4160,40
4161,75
4162,40
4163,95
4164,41
4165,75
4166,87
4167,48
4168,75
4169,9
4170,16
4171,78
4172,14
4173,75
4174,39
4175,75
4176,40
4177,14
4178,40
4179,76
4180,20
4181,7
4182,94
4183,87
4184,87
4185,9
4186,92
4187,87
4188,58
4189,48
4190,79
4191,95
4192,1
4193,92
4194,16
4195,79
4196,16
4197,14
4198,14
4199,75
4200,14
4201,75
4202,87
4203,13
4204,48
4205,9
4206,76
4207,14
4208,94
4209,95
4210,87
4211,87
4212,14
4213,48
4214,69
4215,14
4216,95
4217,87
4218,87
4219,16
4220,86
4221,14
4222,82
4223,14
4224,75
4225,11
4226,75
4227,14
4228,14
4229,99
4230,83
4231,9
4232,40
4233,14
4234,39
4235,75
4236,45
4237,40
4238,48
4239,75
4240,41
4241,94
4242,48
4243,6
4244,14
4245,75
4246,75
4247,73
4248,54
4249,6
4250,87
4251,41
4252,62
4253,48
4254,14
4255,87
4256,1
4257,14
4258,7
4259,75
4260,39
4261,87
4262,14
4263,45
4264,48
4265,14
4266,41
4267,14
4268,42
4269,86
4270,14
4271,14
4272,79
4273,75
4274,95
4275,54
4276,87
4277,39
4278,14
4279,39
4280,40
4281,14
4282,86
4283,95
4284,14
4285,1
4286,16
4287,75
4288,14
4289,87
4290,48
4291,82
4292,70
4293,44
4294,48
4295,19
4296,7
4297,29
4298,48
4299,86
4300,39
4301,99
4302,75
4303,39
4304,14
4305,16
4306,48
4307,48
4308,86
4309,39
4310,86
4311,14
4312,45
4313,48
4314,84
4315,6
4316,41
4317,48
4318,7
4319,19
4320,86
4321,99
4322,48
4323,48
4324,75
4325,75
4326,14
4327,14
4328,14
4329,7
4330,48
4331,16
4332,79
4333,14
4334,54
4335,39
4336,40
4337,48
4338,14
4339,39
4340,75
4341,82
4342,75
4343,75
4344,22
4345,9
4346,86
4347,45
4348,16
4349,48
4350,75
4351,87
4352,75
4353,39
4354,44
4355,40
4356,86
4357,75
4358,48
4359,48
4360,14
4361,39
4362,1
4363,87
4364,39
4365,75
4366,16
4367,87
4368,12
4369,79
4370,14
4371,87
4372,95
4373,14
4374,14
4375,14
4376,87
4377,78
4378,41
4379,76
4380,14
4381,14
4382,73
4383,71
4384,48
4385,87
4386,39
4387,75
4388,40
4389,14
4390,14
4391,75
4392,45
4393,41
4394,79
4395,14
4396,87
4397,79
4398,16
4399,54
4400,48
4401,49
4402,39
4403,87
4404,95
4405,39
4406,75
4407,75
4408,6
4409,70
4410,48
4411,14
4412,87
4413,14
4414,48
4415,95
4416,26
4417,14
4418,74
4419,41
4420,87
4421,14
4422,62
4423,14
4424,14
4425,79
4426,75
4427,40
4428,87
4429,19
4430,6
4431,39
4432,48
4433,46
4434,16
4435,16
4436,48
4437,48
4438,48
4439,48
4440,48
4441,40
4442,16
4443,99
4444,87
4445,40
4446,70
4447,92
4448,39
4449,19
4450,14
4451,39
4452,48
4453,99
4454,14
4455,75
4456,41
4457,14
4458,19
4459,75
4460,14
4461,86
4462,87
4463,54
4464,14
4465,62
4466,39
4467,48
4468,75
4469,48
4470,87
4471,41
4472,14
4473,14
4474,87
4475,13
4476,82
4477,67
4478,75
4479,14
4480,62
4481,95
4482,48
4483,48
4484,22
4485,45
4486,40
4487,14
4488,14
4489,17
4490,92
4491,95
4492,48
4493,14
4494,16
4495,25
4496,86
4497,16
4498,86
4499,46
4500,22
4501,41
4502,48
4503,75
4504,48
4505,39
4506,39
4507,48
4508,48
4509,12
4510,14
4511,14
4512,39
4513,9
4514,14
4515,87
4516,9
4517,14
4518,16
4519,40
4520,87
4521,39
4522,94
4523,16
4524,48
4525,16
4526,48
4527,82
4528,48
4529,40
4530,14
4531,40
4532,9
4533,39
4534,82
4535,14
4536,48
4537,11
4538,14
4539,14
4540,14
4541,19
4542,14
4543,40
4544,14
4545,7
4546,75
4547,82
4548,14
4549,39
4550,14
4551,19
4552,79
4553,14
4554,48
4555,14
4556,86
4557,75
4558,14
4559,14
4560,14
4561,41
4562,41
4563,48
4564,44
4565,48
4566,25
4567,9
4568,87
4569,41
4570,14
4571,39
4572,46
4573,7
4574,14
4575,87
4576,48
4577,14
4578,48
4579,41
4580,44
4581,48
4582,48
4583,7
4584,48
4585,41
4586,11
4587,75
4588,75
4589,14
4590,39
4591,46
4592,14
4593,75
4594,6
4595,62
4596,48
4597,39
4598,48
4599,48
4600,3
4601,75
4602,71
4603,14
4604,14
4605,86
4606,54
4607,79
4608,48
4609,83
4610,14
4611,48
4612,14
4613,75
4614,86
4615,78
4616,75
4617,48
4618,48
4619,14
4620,14
4621,14
4622,14
4623,58
4624,20
4625,44
4626,11
4627,87
4628,14
4629,14
4630,75
4631,39
4632,75
4633,14
4634,14
4635,39
4636,14
4637,14
4638,62
4639,14
4640,75
4641,6
4642,48
4643,39
4644,48
4645,76
4646,6
4647,60
4648,87
4649,87
4650,14
4651,48
4652,75
4653,16
4654,14
4655,48
4656,87
4657,14
4658,48
4659,87
4660,87
4661,40
4662,75
4663,14
4664,48
4665,41
4666,14
4667,79
4668,48
4669,87
4670,39
4671,14
4672,87
4673,14
4674,82
4675,87
4676,87
4677,86
4678,40
4679,75
4680,14
4681,16
4682,14
4683,87
4684,82
4685,14
4686,99
4687,75
4688,75
4689,75
4690,48
4691,14
4692,16
4693,54
4694,14
4695,45
4696,14
4697,39
4698,82
4699,87
4700,41
4701,48
4702,95
4703,69
4704,76
4705,87
4706,48
4707,82
4708,14
4709,45
4710,48
4711,48
4712,75
4713,75
4714,14
4715,14
4716,14
4717,48
4718,86
4719,14
4720,48
4721,41
4722,14
4723,89
4724,92
4725,39
4726,48
4727,82
4728,79
4729,1
4730,14
4731,75
4732,39
4733,48
4734,75
4735,14
4736,13
4737,16
4738,14
4739,14
4740,74
4741,16
4742,48
4743,87
4744,40
4745,14
4746,87
4747,39
4748,76
4749,87
4750,87
4751,9
4752,87
4753,48
4754,40
4755,41
4756,39
4757,48
4758,75
4759,95
4760,41
4761,48
4762,14
4763,40
4764,48
4765,62
4766,48
4767,48
4768,75
4769,39
4770,26
4771,75
4772,40
4773,82
4774,48
4775,41
4776,7
4777,14
4778,40
4779,22
4780,39
4781,39
4782,14
4783,48
4784,48
4785,14
4786,87
4787,14
4788,87
4789,39
4790,14
4791,14
4792,14
4793,75
4794,14
4795,14
4796,40
4797,39
4798,75
4799,39
4800,87
4801,14
4802,24
4803,82
4804,48
4805,78
4806,75
4807,14
4808,10
4809,39
4810,48
4811,16
4812,44
4813,48
4814,48
4815,41
4816,86
4817,48
4818,39
4819,48
4820,14
4821,76
4822,99
4823,6
4824,14
4825,39
4826,75
4827,39
4828,48
4829,48
4830,14
4831,84
4832,75
4833,14
4834,73
4835,14
4836,39
4837,39
4838,83
4839,14
4840,48
4841,16
4842,82
4843,86
4844,39
4845,13
4846,87
4847,16
4848,67
4849,42
4850,14
4851,75
4852,14
4853,14
4854,24
4855,76
4856,75
4857,16
4858,19
4859,71
4860,39
4861,69
4862,87
4863,14
4864,39
4865,32
4866,40
4867,41
4868,86
4869,14
4870,14
4871,48
4872,87
4873,48
4874,20
4875,86
4876,39
4877,75
4878,75
4879,14
4880,41
4881,87
4882,48
4883,87
4884,41
4885,82
4886,14
4887,41
4888,40
4889,75
4890,87
4891,48
4892,75
4893,48
4894,41
4895,9
4896,41
4897,86
4898,87
4899,75
4900,14
4901,39
4902,14
4903,87
4904,75
4905,87
4906,40
4907,95
4908,40
4909,76
4910,75
4911,48
4912,39
4913,14
4914,1
4915,20
4916,39
4917,14
4918,7
4919,75
4920,14
4921,51
4922,14
4923,41
4924,39
4925,86
4926,75
4927,41
4928,14
4929,75
4930,94
4931,22
4932,39
4933,39
4934,75
4935,48
4936,40
4937,79
4938,87
4939,19
4940,25
4941,14
4942,83
4943,48
4944,14
4945,39
4946,11
4947,41
4948,87
4949,75
4950,79
4951,14
4952,14
4953,14
4954,14
4955,75
4956,3
4957,40
4958,40
4959,48
4960,16
4961,48
4962,48
4963,39
4964,48
4965,19
4966,14
4967,86
4968,48
4969,87
4970,87
4971,14
4972,39
4973,14
4974,48
4975,41
4976,39
4977,75
4978,40
4979,39
4980,48
4981,92
4982,14
4983,40
4984,40
4985,48
4986,14
4987,16
4988,14
4989,75
4990,14
4991,48
4992,14
4993,48
4994,57
4995,39
4996,14
4997,75
4998,67
4999,16
5000,75
5001,87
5002,39
5003,41
5004,75
5005,14
5006,14
5007,76
5008,6
5009,7
5010,53
5011,99
5012,48
5013,14
5014,75
5015,48
5016,75
5017,14
5018,40
5019,14
5020,48
5021,69
5022,39
5023,44
5024,86
5025,19
5026,11
5027,28
5028,48
5029,87
5030,92
5031,39
5032,39
5033,62
5034,61
5035,39
5036,19
5037,19
5038,86
5039,39
5040,62
5041,14
5042,14
5043,92
5044,41
5045,87
5046,40
5047,14
5048,14
5049,48
5050,39
5051,16
5052,48
5053,14
5054,7
5055,39
5056,14
5057,54
5058,76
5059,78
5060,14
5061,39
5062,14
5063,14
5064,87
5065,39
5066,82
5067,16
5068,86
5069,39
5070,48
5071,86
5072,79
5073,14
5074,14
5075,40
5076,75
5077,46
5078,39
5079,62
5080,14
5081,86
5082,14
5083,14
5084,48
5085,86
5086,75
5087,75
5088,48
5089,92
5090,14
5091,48
5092,14
5093,16
5094,71
5095,39
5096,11
5097,87
5098,48
5099,55
5100,78
5101,48
5102,14
5103,75
5104,75
5105,75
5106,95
5107,79
5108,39
5109,40
5110,41
5111,14
5112,16
5113,39
5114,71
5115,87
5116,14
5117,48
5118,14
5119,10
5120,14
5121,39
5122,75
5123,75
5124,14
5125,51
5126,14
5127,48
5128,86
5129,48
5130,75
5131,87
5132,14
5133,75
5134,14
5135,28
5136,14
5137,75
5138,86
5139,87
5140,14
5141,14
5142,14
5143,48
5144,14
5145,44
5146,75
5147,14
5148,20
5149,16
5150,87
5151,14
5152,92
5153,75
5154,82
5155,75
5156,14
5157,14
5158,62
5159,87
5160,14
5161,82
5162,48
5163,48
5164,48
5165,44
5166,44
5167,79
5168,75
5169,92
5170,14
5171,44
5172,40
5173,86
5174,1
5175,14
5176,11
5177,48
5178,48
5179,14
5180,48
5181,48
5182,14
5183,75
5184,14
5185,39
5186,7
5187,75
5188,69
5189,14
5190,14
5191,48
5192,40
5193,94
5194,48
5195,40
5196,39
5197,86
5198,14
5199,41
5200,14
5201,14
5202,87
5203,14
5204,92
5205,48
5206,14
5207,75
5208,86
5209,75
5210,40
5211,86
5212,19
5213,48
5214,14
5215,87
5216,48
5217,14
5218,95
5219,75
5220,25
5221,9
5222,94
5223,48
5224,78
5225,39
5226,71
5227,87
5228,75
5229,41
5230,7
5231,75
5232,14
5233,40
5234,14
5235,14
5236,39
5237,48
5238,14
5239,26
5240,39
5241,14
5242,39
5243,14
5244,48
5245,39
5246,40
5247,48
5248,48
5249,48
5250,86
5251,14
5252,14
5253,16
5254,14
5255,14
5256,16
5257,14
5258,79
5259,1
5260,14
5261,48
5262,14
5263,87
5264,39
5265,16
5266,40
5267,14
5268,75
5269,14
5270,86
5271,14
5272,78
5273,48
5274,73
5275,86
5276,7
5277,48
5278,82
5279,62
5280,6
5281,75
5282,14
5283,87
5284,75
5285,16
5286,48
5287,71
5288,76
5289,40
5290,75
5291,48
5292,75
5293,76
5294,48
5295,71
5296,48
5297,6
5298,48
5299,75
5300,14
5301,7
5302,39
5303,87
5304,48
5305,48
5306,14
5307,39
5308,14
5309,39
5310,40
5311,41
5312,62
5313,48
5314,16
5315,48
5316,75
5317,14
5318,75
5319,16
5320,14
5321,62
5322,75
5323,87
5324,79
5325,14
5326,48
5327,16
5328,14
5329,75
5330,12
5331,71
5332,79
5333,14
5334,47
5335,86
5336,11
5337,7
5338,14
5339,48
5340,39
5341,75
5342,75
5343,86
5344,87
5345,87
5346,14
5347,14
5348,87
5349,87
5350,39
5351,75
5352,48
5353,14
5354,95
5355,70
5356,48
5357,87
5358,61
5359,20
5360,7
5361,75
5362,14
5363,99
5364,14
5365,75
5366,16
5367,87
5368,39
5369,82
5370,41
5371,48
5372,48
5373,39
5374,75
5375,75
5376,75
5377,78
5378,86
5379,14
5380,95
5381,82
5382,84
5383,14
5384,40
5385,73
5386,86
5387,79
5388,75
5389,16
5390,14
5391,75
5392,14
5393,86
5394,67
5395,6
5396,48
5397,39
5398,99
5399,14
5400,14
5401,14
5402,14
5403,75
5404,86
5405,39
5406,14
5407,76
5408,94
5409,19
5410,75
5411,14
5412,16
5413,87
5414,48
5415,16
5416,48
5417,39
5418,46
5419,41
5420,45
5421,87
5422,14
5423,87
5424,14
5425,48
5426,48
5427,9
5428,14
5429,86
5430,69
5431,75
5432,50
5433,75
5434,14
5435,28
5436,14
5437,75
5438,39
5439,48
5440,16
5441,25
5442,92
5443,48
5444,39
5445,7
5446,14
5447,75
5448,41
5449,54
5450,92
5451,14
5452,92
5453,82
5454,75
5455,75
5456,14
5457,82
5458,40
5459,22
5460,6
5461,14
5462,14
5463,62
5464,87
5465,82
5466,92
5467,87
5468,14
5469,14
5470,94
5471,40
5472,20
5473,79
5474,14
5475,14
5476,53
5477,94
5478,20
5479,87
5480,14
5481,48
5482,69
5483,75
5484,75
5485,94
5486,14
5487,58
5488,48
5489,41
5490,75
5491,41
5492,94
5493,48
5494,41
5495,99
5496,48
5497,40
5498,14
5499,67
5500,16
5501,48
5502,39
5503,9
5504,6
5505,62
5506,48
5507,50
5508,86
5509,6
5510,87
5511,7
5512,82
5513,14
5514,14
5515,14
5516,14
5517,16
5518,6
5519,86
5520,48
5521,14
5522,86
5523,14
5524,48
5525,14
5526,48
5527,39
5528,1
5529,44
5530,75
5531,14
5532,75
5533,75
5534,14
5535,39
5536,86
5537,14
5538,14
5539,9
5540,48
5541,82
5542,39
5543,62
5544,46
5545,16
5546,75
5547,44
5548,16
5549,16
5550,87
5551,48
5552,41
5553,87
5554,39
5555,48
5556,48
5557,14
5558,75
5559,40
5560,82
5561,87
5562,16
5563,14
5564,39
5565,9
5566,40
5567,48
5568,14
5569,14
5570,87
5571,75
5572,14
5573,82
5574,7
5575,40
5576,54
5577,48
5578,39
5579,14
5580,7
5581,82
5582,39
5583,14
5584,48
5585,14
5586,62
5587,11
5588,14
5589,14
5590,40
5591,75
5592,87
5593,26
5594,1
5595,76
5596,75
5597,75
5598,95
5599,87
5600,14
5601,14
5602,99
5603,14
5604,69
5605,41
5606,87
5607,14
5608,41
5609,14
5610,7
5611,14
5612,87
5613,40
5614,41
5615,14
5616,95
5617,41
5618,75
5619,75
5620,48
5621,70
5622,75
5623,41
5624,39
5625,92
5626,14
5627,94
5628,39
5629,14
5630,83
5631,82
5632,48
5633,86
5634,14
5635,14
5636,86
5637,87
5638,87
5639,39
5640,48
5641,86
5642,48
5643,69
5644,48
5645,26
5646,75
5647,14
5648,48
5649,48
5650,87
5651,54
5652,39
5653,14
5654,39
5655,14
5656,75
5657,44
5658,19
5659,62
5660,75
5661,14
5662,41
5663,75
5664,48
5665,86
5666,14
5667,48
5668,14
5669,14
5670,14
5671,14
5672,14
5673,44
5674,75
5675,14
5676,14
5677,14
5678,75
5679,95
5680,41
5681,48
5682,74
5683,87
5684,75
5685,86
5686,78
5687,82
5688,95
5689,48
5690,39
5691,39
5692,87
5693,39
5694,11
5695,7
5696,14
5697,48
5698,14
5699,48
5700,41
5701,39
5702,14
5703,75
5704,48
5705,22
5706,79
5707,14
5708,39
5709,14
5710,14
5711,95
5712,14
5713,6
5714,39
5715,87
5716,79
5717,48
5718,86
5719,95
5720,39
5721,95
5722,16
5723,92
5724,39
5725,39
5726,14
5727,54
5728,48
5729,25
5730,39
5731,14
5732,40
5733,87
5734,41
5735,46
5736,16
5737,11
5738,14
5739,75
5740,94
5741,48
5742,7
5743,87
5744,14
5745,14
5746,14
5747,48
5748,75
5749,7
5750,16
5751,14
5752,9
5753,39
5754,48
5755,67
5756,14
5757,99
5758,14
5759,40
5760,39
5761,16
5762,14
5763,75
5764,16
5765,7
5766,41
5767,7
5768,14
5769,14
5770,86
5771,48
5772,14
5773,40
5774,48
5775,92
5776,69
5777,75
5778,14
5779,14
5780,78
5781,98
5782,8
5783,44
5784,39
5785,7
5786,39
5787,14
5788,48
5789,40
5790,14
5791,39
5792,87
5793,14
5794,82
5795,40
5796,14
5797,86
5798,14
5799,48
5800,92
5801,14
5802,48
5803,87
5804,9
5805,75
5806,6
5807,48
5808,16
5809,94
5810,79
5811,16
5812,54
5813,14
5814,14
5815,39
5816,67
5817,75
5818,39
5819,39
5820,39
5821,14
5822,14
5823,11
5824,39
5825,40
5826,75
5827,75
5828,14
5829,48
5830,75
5831,87
5832,14
5833,48
5834,76
5835,75
5836,20
5837,14
5838,14
5839,75
5840,40
5841,16
5842,39
5843,70
5844,14
5845,40
5846,12
5847,75
5848,75
5849,75
5850,87
5851,40
5852,28
5853,40
5854,44
5855,14
5856,39
5857,39
5858,14
5859,22
5860,62
5861,75
5862,14
5863,76
5864,14
5865,40
5866,14
5867,82
5868,48
5869,75
5870,82
5871,39
5872,82
5873,99
5874,14
5875,14
5876,86
5877,22
5878,14
5879,92
5880,14
5881,48
5882,87
5883,39
5884,14
5885,14
5886,86
5887,44
5888,19
5889,14
5890,75
5891,75
5892,19
5893,14
5894,87
5895,75
5896,16
5897,48
5898,61
5899,16
5900,39
5901,39
5902,39
5903,39
5904,75
5905,87
5906,75
5907,82
5908,14
5909,41
5910,20
5911,39
5912,23
5913,86
5914,75
5915,22
5916,44
5917,11
5918,82
5919,14
5920,48
5921,25
5922,14
5923,7
5924,48
5925,40
5926,40
5927,14
5928,39
5929,19
5930,20
5931,39
5932,79
5933,14
5934,87
5935,86
5936,14
5937,24
5938,48
5939,14
5940,61
5941,7
5942,14
5943,39
5944,39
5945,82
5946,14
5947,14
5948,69
5949,14
5950,75
5951,39
5952,41
5953,87
5954,95
5955,24
5956,82
5957,48
5958,39
5959,39
5960,86
5961,44
5962,87
5963,71
5964,14
5965,25
5966,14
5967,14
5968,25
5969,48
5970,14
5971,82
5972,48
5973,41
5974,86
5975,48
5976,7
5977,84
5978,86
5979,14
5980,48
5981,14
5982,89
5983,39
5984,69
5985,71
5986,14
5987,48
5988,14
5989,82
5990,75
5991,87
5992,14
5993,14
5994,48
5995,75
5996,95
5997,14
5998,39
5999,25
6000,42
6001,39
6002,14
6003,75
6004,48
6005,39
6006,75
6007,82
6008,48
6009,86
6010,9
6011,40
6012,75
6013,22
6014,14
6015,48
6016,14
6017,79
6018,48
6019,14
6020,86
6021,92
6022,14
6023,14
6024,11
6025,75
6026,16
6027,14
6028,39
6029,48
6030,92
6031,40
6032,48
6033,75
6034,48
6035,39
6036,48
6037,75
6038,39
6039,99
6040,6
6041,14
6042,75
6043,14
6044,14
6045,48
6046,39
6047,39
6048,75
6049,14
6050,86
6051,75
6052,14
6053,48
6054,86
6055,48
6056,16
6057,14
6058,14
6059,83
6060,87
6061,19
6062,48
6063,14
6064,86
6065,16
6066,16
6067,87
6068,40
6069,16
6070,86
6071,75
6072,39
6073,48
6074,7
6075,86
6076,16
6077,48
6078,92
6079,87
6080,14
6081,48
6082,95
6083,14
6084,14
6085,14
6086,76
6087,19
6088,14
6089,87
6090,48
6091,14
6092,82
6093,48
6094,86
6095,41
6096,94
6097,39
6098,39
6099,40
6100,48
6101,14
6102,14
6103,86
6104,86
6105,14
6106,87
6107,75
6108,9
6109,75
6110,14
6111,44
6112,48
6113,87
6114,95
6115,83
6116,14
6117,69
6118,14
6119,86
6120,54
6121,39
6122,14
6123,95
6124,48
6125,25
6126,14
6127,39
6128,87
6129,75
6130,57
6131,54
6132,45
6133,87
6134,98
6135,39
6136,48
6137,75
6138,62
6139,14
6140,87
6141,87
6142,39
6143,71
6144,87
6145,48
6146,14
6147,75
6148,14
6149,48
6150,28
6151,87
6152,99
6153,87
6154,75
6155,39
6156,87
6157,39
6158,75
6159,62
6160,66
6161,86
6162,39
6163,22
6164,95
6165,41
6166,6
6167,48
6168,87
6169,14
6170,13
6171,75
6172,95
6173,16
6174,99
6175,14
6176,62
6177,11
6178,40
6179,54
6180,94
6181,86
6182,14
6183,48
6184,41
6185,40
6186,92
6187,39
6188,48
6189,99
6190,75
6191,16
6192,14
6193,11
6194,87
6195,48
6196,41
6197,39
6198,82
6199,40
6200,48
6201,44
6202,75
6203,48
6204,70
6205,14
6206,87
6207,40
6208,75
6209,69
6210,75
6211,48
6212,86
6213,78
6214,87
6215,40
6216,16
6217,75
6218,14
6219,39
6220,82
6221,78
6222,48
6223,62
6224,95
6225,39
6226,79
6227,39
6228,16
6229,14
6230,75
6231,14
6232,75
6233,14
6234,39
6235,86
6236,39
6237,14
6238,75
6239,14
6240,48
6241,14
6242,14
6243,75
6244,87
6245,75
6246,48
6247,14
6248,48
6249,99
6250,28
6251,48
6252,16
6253,14
6254,14
6255,14
6256,14
6257,14
6258,14
6259,39
6260,92
6261,48
6262,48
6263,75
6264,41
6265,14
6266,40
6267,39
6268,82
6269,86
6270,75
6271,75
6272,45
6273,82
6274,7
6275,14
6276,87
6277,76
6278,39
6279,40
6280,48
6281,62
6282,14
6283,16
6284,79
6285,82
6286,95
6287,87
6288,25
6289,9
6290,16
6291,82
6292,48
6293,19
6294,75
6295,14
6296,75
6297,82
6298,48
6299,14
6300,62
6301,48
6302,87
6303,39
6304,14
6305,14
6306,44
6307,75
6308,14
6309,40
6310,48
6311,14
6312,48
6313,16
6314,22
6315,75
6316,14
6317,86
6318,14
6319,14
6320,39
6321,79
6322,39
6323,14
6324,6
6325,48
6326,45
6327,86
6328,16
6329,87
6330,14
6331,7
6332,14
6333,14
6334,40
6335,14
6336,60
6337,87
6338,39
6339,75
6340,7
6341,14
6342,87
6343,62
6344,75
6345,14
6346,41
6347,48
6348,13
6349,41
6350,41
6351,9
6352,82
6353,48
6354,16
6355,75
6356,41
6357,48
6358,48
6359,86
6360,73
6361,75
6362,39
6363,14
6364,39
6365,40
6366,48
6367,14
6368,48
6369,14
6370,48
6371,14
6372,14
6373,16
6374,48
6375,7
6376,41
6377,92
6378,86
6379,92
6380,44
6381,44
6382,87
6383,48
6384,6
6385,14
6386,14
6387,16
6388,7
6389,48
6390,14
6391,75
6392,39
6393,1
6394,75
6395,70
6396,14
6397,16
6398,14
6399,87
6400,6
6401,25
6402,75
6403,48
6404,16
6405,48
6406,14
6407,14
6408,94
6409,9
6410,39
6411,14
6412,48
6413,48
6414,48
6415,40
6416,14
6417,75
6418,13
6419,48
6420,48
6421,54
6422,25
6423,54
6424,45
6425,92
6426,48
6427,86
6428,48
6429,14
6430,11
6431,39
6432,48
6433,87
6434,9
6435,39
6436,6
6437,41
6438,14
6439,79
6440,48
6441,20
6442,78
6443,83
6444,48
6445,62
6446,14
6447,7
6448,75
6449,50
6450,14
6451,48
6452,14
6453,86
6454,14
6455,48
6456,14
6457,86
6458,39
6459,75
6460,14
6461,40
6462,14
6463,14
6464,16
6465,11
6466,22
6467,39
6468,75
6469,39
6470,19
6471,14
6472,7
6473,7
6474,14
6475,50
6476,75
6477,14
6478,14
6479,14
6480,75
6481,14
6482,86
6483,14
6484,48
6485,87
6486,14
6487,19
6488,48
6489,14
6490,75
6491,87
6492,11
6493,39
6494,48
6495,14
6496,48
6497,87
6498,6
6499,75
6500,14
6501,14
6502,14
6503,19
6504,58
6505,9
6506,7
6507,39
6508,14
6509,40
6510,14
6511,48
6512,16
6513,86
6514,14
6515,48
6516,14
6517,19
6518,79
6519,14
6520,92
6521,14
6522,16
6523,86
6524,41
6525,14
6526,48
6527,14
6528,75
6529,9
6530,6
6531,40
6532,14
6533,48
6534,87
6535,82
6536,44
6537,48
6538,75
6539,7
6540,99
6541,7
6542,46
6543,92
6544,14
6545,75
6546,14
6547,79
6548,41
6549,14
6550,11
6551,75
6552,71
6553,82
6554,39
6555,14
6556,75
6557,48
6558,75
6559,14
6560,7
6561,48
6562,28
6563,75
6564,14
6565,39
6566,25
6567,54
6568,20
6569,75
6570,7
6571,22
6572,48
6573,92
6574,78
6575,48
6576,82
6577,39
6578,14
6579,74
6580,75
6581,14
6582,62
6583,48
6584,54
6585,44
6586,87
6587,62
6588,75
6589,14
6590,75
6591,18
6592,84
6593,48
6594,76
6595,14
6596,14
6597,22
6598,14
6599,58
6600,41
6601,46
6602,48
6603,48
6604,87
6605,48
6606,7
6607,39
6608,75
6609,14
6610,41
6611,39
6612,14
6613,87
6614,79
6615,14
6616,48
6617,41
6618,48
6619,39
6620,14
6621,7
6622,48
6623,75
6624,46
6625,86
6626,54
6627,75
6628,40
6629,48
6630,87
6631,39
6632,87
6633,82
6634,75
6635,20
6636,48
6637,75
6638,14
6639,14
6640,48
6641,48
6642,73
6643,87
6644,75
6645,75
6646,48
6647,14
6648,14
6649,9
6650,48
6651,87
6652,75
6653,75
6654,14
6655,16
6656,14
6657,75
6658,14
6659,14
6660,19
6661,39
6662,14
6663,14
6664,86
6665,75
6666,48
6667,40
6668,14
6669,14
6670,70
6671,75
6672,39
6673,14
6674,75
6675,14
6676,14
6677,87
6678,75
6679,14
6680,48
6681,16
6682,48
6683,41
6684,75
6685,14
6686,44
6687,41
6688,39
6689,48
6690,14
6691,14
6692,86
6693,45
6694,82
6695,14
6696,40
6697,39
6698,75
6699,14
6700,82
6701,14
6702,14
6703,99
6704,92
6705,87
6706,14
6707,39
6708,41
6709,78
6710,13
6711,94
6712,48
6713,87
6714,54
6715,14
6716,75
6717,48
6718,14
6719,14
6720,40
6721,14
6722,39
6723,48
6724,1
6725,22
6726,87
6727,39
6728,48
6729,41
6730,23
6731,14
6732,16
6733,16
6734,48
6735,44
6736,48
6737,86
6738,67
6739,14
6740,44
6741,14
6742,0
6743,48
6744,14
6745,87
6746,28
6747,14
6748,83
6749,48
6750,16
6751,40
6752,75
6753,20
6754,75
6755,40
6756,84
6757,7
6758,9
6759,40
6760,86
6761,39
6762,19
6763,22
6764,6
6765,39
6766,62
6767,44
6768,82
6769,94
6770,84
6771,75
6772,48
6773,83
6774,7
6775,14
6776,39
6777,95
6778,48
6779,16
6780,87
6781,48
6782,14
6783,76
6784,99
6785,7
6786,7
6787,79
6788,48
6789,39
6790,39
6791,11
6792,48
6793,48
6794,86
6795,14
6796,14
6797,39
6798,87
6799,48
6800,75
6801,39
6802,14
6803,87
6804,75
6805,48
6806,39
6807,86
6808,16
6809,48
6810,39
6811,7
6812,75
6813,48
6814,39
6815,16
6816,7
6817,16
6818,2
6819,14
6820,87
6821,75
6822,54
6823,32
6824,3
6825,88
6826,48
6827,14
6828,26
6829,48
6830,75
6831,99
6832,75
6833,62
6834,14
6835,14
6836,19
6837,87
6838,75
6839,14
6840,99
6841,14
6842,75
6843,48
6844,86
6845,86
6846,6
6847,82
6848,16
6849,14
6850,40
6851,62
6852,48
6853,62
6854,75
6855,83
6856,75
6857,7
6858,12
6859,16
6860,48
6861,55
6862,82
6863,14
6864,75
6865,14
6866,14
6867,14
6868,14
6869,48
6870,14
6871,14
6872,39
6873,14
6874,75
6875,14
6876,14
6877,48
6878,16
6879,16
6880,14
6881,87
6882,39
6883,79
6884,75
6885,67
6886,60
6887,84
6888,14
6889,39
6890,48
6891,20
6892,48
6893,12
6894,39
6895,41
6896,48
6897,25
6898,39
6899,14
6900,44
6901,14
6902,14
6903,39
6904,63
6905,25
6906,14
6907,14
6908,48
6909,41
6910,14
6911,14
6912,71
6913,82
6914,46
6915,48
6916,54
6917,48
6918,14
6919,86
6920,75
6921,41
6922,14
6923,60
6924,48
6925,40
6926,14
6927,9
6928,48
6929,14
6930,73
6931,14
6932,14
6933,7
6934,48
6935,48
6936,7
6937,87
6938,6
6939,48
6940,86
6941,75
6942,39
6943,1
6944,41
6945,14
6946,87
6947,19
6948,75
6949,14
6950,87
6951,41
6952,87
6953,48
6954,14
6955,87
6956,86
6957,16
6958,86
6959,75
6960,95
6961,16
6962,7
6963,75
6964,48
6965,84
6966,75
6967,87
6968,39
6969,41
6970,50
6971,39
6972,75
6973,48
6974,87
6975,14
6976,39
6977,87
6978,14
6979,14
6980,14
6981,44
6982,25
6983,87
6984,75
6985,48
6986,87
6987,95
6988,14
6989,62
6990,75
6991,16
6992,58
6993,14
6994,44
6995,75
6996,11
6997,14
6998,14
6999,14
7000,14
7001,8
7002,14
7003,28
7004,48
7005,39
7006,16
7007,40
7008,69
7009,39
7010,99
7011,48
7012,48
7013,62
7014,75
7015,14
7016,75
7017,16
7018,39
7019,86
7020,75
7021,87
7022,41
7023,22
7024,48
7025,87
7026,39
7027,75
7028,48
7029,39
7030,39
7031,14
7032,39
7033,14
7034,25
7035,92
7036,41
7037,14
7038,41
7039,75
7040,39
7041,14
7042,14
7043,14
7044,48
7045,83
7046,48
7047,16
7048,48
7049,11
7050,40
7051,95
7052,14
7053,41
7054,13
7055,44
7056,39
7057,14
7058,48
7059,87
7060,16
7061,75
7062,39
7063,54
7064,14
7065,14
7066,14
7067,14
7068,87
7069,14
7070,39
7071,14
7072,1
7073,14
7074,14
7075,14
7076,75
7077,79
7078,55
7079,14
7080,32
7081,14
7082,87
7083,16
7084,14
7085,48
7086,83
7087,14
7088,14
7089,48
7090,82
7091,40
7092,48
7093,19
7094,39
7095,76
7096,39
7097,44
7098,28
7099,48
7100,14
7101,40
7102,14
7103,48
7104,11
7105,14
7106,39
7107,14
7108,14
7109,39
7110,14
7111,14
7112,39
7113,14
7114,45
7115,12
7116,87
7117,86
7118,48
7119,75
7120,16
7121,39
7122,48
7123,92
7124,40
7125,14
7126,48
7127,48
7128,92
7129,9
7130,13
7131,41
7132,14
7133,14
7134,75
7135,12
7136,11
7137,87
7138,39
7139,48
7140,75
7141,86
7142,86
7143,16
7144,16
7145,62
7146,95
7147,48
7148,39
7149,39
7150,39
7151,16
7152,48
7153,79
7154,86
7155,87
7156,48
7157,39
7158,69
7159,99
7160,25
7161,14
7162,40
7163,70
7164,83
7165,75
7166,87
7167,40
7168,48
7169,40
7170,75
7171,48
7172,40
7173,75
7174,16
7175,48
7176,75
7177,14
7178,14
7179,14
7180,8
7181,9
7182,40
7183,14
7184,14
7185,33
7186,40
7187,48
7188,48
7189,48
7190,14
7191,75
7192,75
7193,48
7194,62
7195,16
7196,14
7197,14
7198,48
7199,86
7200,76
7201,60
7202,39
7203,32
7204,87
7205,39
7206,16
7207,48
7208,48
7209,74
7210,40
7211,7
7212,75
7213,86
7214,48
7215,82
7216,40
7217,87
7218,87
7219,48
7220,14
7221,14
7222,14
7223,66
7224,87
7225,14
7226,40
7227,40
7228,87
7229,95
7230,7
7231,75
7232,98
7233,94
7234,14
7235,39
7236,48
7237,87
7238,14
7239,10
7240,11
7241,22
7242,45
7243,16
7244,82
7245,41
7246,48
7247,48
7248,82
7249,87
7250,22
7251,39
7252,92
7253,14
7254,39
7255,44
7256,9
7257,16
7258,54
7259,14
7260,44
7261,87
7262,14
7263,39
7264,25
7265,14
7266,13
7267,20
7268,62
7269,40
7270,87
7271,13
7272,95
7273,86
7274,54
7275,14
7276,76
7277,14
7278,39
7279,48
7280,48
7281,87
7282,16
7283,14
7284,44
7285,14
7286,92
7287,20
7288,14
7289,14
7290,14
7291,75
7292,48
7293,40
7294,70
7295,14
7296,75
7297,75
7298,25
7299,39
7300,62
7301,14
7302,40
7303,7
7304,14
7305,11
7306,9
7307,40
7308,87
7309,40
7310,6
7311,79
7312,48
7313,39
7314,75
7315,14
7316,14
7317,14
7318,28
7319,48
7320,40
7321,99
7322,14
7323,70
7324,14
7325,82
7326,14
7327,16
7328,42
7329,14
7330,82
7331,62
7332,14
7333,78
7334,16
7335,79
7336,39
7337,28
7338,39
7339,48
7340,14
7341,48
7342,14
7343,86
7344,48
7345,48
7346,48
7347,19
7348,39
7349,14
7350,7
7351,48
7352,83
7353,76
7354,95
7355,40
7356,73
7357,48
7358,14
7359,82
7360,75
7361,1
7362,95
7363,39
7364,87
7365,14
7366,75
7367,41
7368,39
7369,44
7370,16
7371,14
7372,14
7373,95
7374,40
7375,75
7376,87
7377,39
7378,76
7379,14
7380,87
7381,39
7382,75
7383,16
7384,62
7385,82
7386,39
7387,14
7388,78
7389,14
7390,75
7391,83
7392,79
7393,22
7394,48
7395,11
7396,45
7397,40
7398,14
7399,16
7400,76
7401,40
7402,92
7403,60
7404,14
7405,74
7406,74
7407,87
7408,75
7409,40
7410,48
7411,75
7412,48
7413,7
7414,48
7415,22
7416,78
7417,82
7418,40
7419,14
7420,48
7421,7
7422,14
7423,14
7424,41
7425,40
7426,70
7427,87
7428,28
7429,78
7430,6
7431,75
7432,7
7433,44
7434,6
7435,16
7436,48
7437,48
7438,87
7439,87
7440,40
7441,14
7442,14
7443,70
7444,4
7445,14
7446,48
7447,48
7448,48
7449,39
7450,39
7451,14
7452,14
7453,9
7454,48
7455,14
7456,39
7457,14
7458,14
7459,82
7460,39
7461,14
7462,14
7463,48
7464,48
7465,14
7466,86
7467,41
7468,50
7469,41
7470,14
7471,9
7472,71
7473,75
7474,48
7475,14
7476,75
7477,87
7478,14
7479,78
7480,48
7481,87
7482,87
7483,14
7484,71
7485,14
7486,40
7487,39
7488,14
7489,39
7490,14
7491,14
7492,22
7493,48
7494,92
7495,48
7496,14
7497,48
7498,14
7499,75
7500,62
7501,75
7502,24
7503,39
7504,48
7505,14
7506,62
7507,69
7508,76
7509,39
7510,7
7511,48
7512,87
7513,39
7514,39
7515,48
7516,41
7517,14
7518,39
7519,92
7520,39
7521,11
7522,71
7523,75
7524,16
7525,14
7526,16
7527,39
7528,82
7529,14
7530,62
7531,87
7532,14
7533,95
7534,41
7535,39
7536,70
7537,87
7538,48
7539,48
7540,75
7541,13
7542,95
7543,14
7544,14
7545,14
7546,6
7547,40
7548,86
7549,75
7550,87
7551,48
7552,14
7553,70
7554,48
7555,69
7556,14
7557,99
7558,39
7559,48
7560,14
7561,48
7562,48
7563,40
7564,19
7565,54
7566,48
7567,14
7568,6
7569,14
7570,95
7571,87
7572,48
7573,3
7574,39
7575,75
7576,48
7577,48
7578,14
7579,48
7580,75
7581,14
7582,87
7583,48
7584,44
7585,16
7586,6
7587,14
7588,14
7589,39
7590,48
7591,14
7592,75
7593,48
7594,48
7595,40
7596,39
7597,39
7598,87
7599,14
7600,48
7601,61
7602,41
7603,82
7604,75
7605,69
7606,48
7607,14
7608,75
7609,14
7610,48
7611,95
7612,40
7613,39
7614,14
7615,54
7616,48
7617,82
7618,14
7619,50
7620,39
7621,6
7622,87
7623,14
7624,7
7625,48
7626,41
7627,79
7628,7
7629,14
7630,20
7631,45
7632,75
7633,48
7634,16
7635,70
7636,48
7637,7
7638,39
7639,87
7640,41
7641,48
7642,87
7643,40
7644,11
7645,44
7646,92
7647,87
7648,26
7649,46
7650,39
7651,87
7652,14
7653,48
7654,14
7655,14
7656,39
7657,14
7658,86
7659,16
7660,87
7661,96
7662,6
7663,94
7664,14
7665,14
7666,48
7667,48
7668,48
7669,40
7670,75
7671,40
7672,14
7673,48
7674,83
7675,40
7676,48
7677,83
7678,48
7679,14
7680,19
7681,14
7682,82
7683,75
7684,75
7685,86
7686,83
7687,70
7688,16
7689,16
7690,7
7691,25
7692,40
7693,14
7694,39
7695,40
7696,14
7697,28
7698,75
7699,44
7700,14
7701,39
7702,87
7703,48
7704,28
7705,39
7706,19
7707,48
7708,75
7709,39
7710,39
7711,48
7712,41
7713,26
7714,48
7715,76
7716,14
7717,48
7718,14
7719,86
7720,39
7721,39
7722,14
7723,75
7724,41
7725,75
7726,48
7727,75
7728,48
7729,75
7730,75
7731,14
7732,75
7733,39
7734,46
7735,14
7736,14
7737,75
7738,14
7739,39
7740,40
7741,14
7742,11
7743,14
7744,39
7745,28
7746,14
7747,75
7748,14
7749,86
7750,99
7751,75
7752,75
7753,87
7754,75
7755,48
7756,95
7757,48
7758,14
7759,25
7760,39
7761,82
7762,49
7763,83
7764,86
7765,86
7766,39
7767,41
7768,46
7769,87
7770,87
7771,54
7772,48
7773,83
7774,14
7775,75
7776,14
7777,20
7778,40
7779,94
7780,87
7781,83
7782,50
7783,48
7784,39
7785,99
7786,87
7787,62
7788,86
7789,79
7790,16
7791,14
7792,39
7793,20
7794,48
7795,45
7796,62
7797,14
7798,62
7799,83
7800,86
7801,16
7802,14
7803,39
7804,13
7805,7
7806,92
7807,14
7808,22
7809,73
7810,14
7811,75
7812,7
7813,14
7814,40
7815,86
7816,14
7817,14
7818,14
7819,75
7820,39
7821,92
7822,39
7823,11
7824,16
7825,41
7826,48
7827,14
7828,99
7829,86
7830,46
7831,39
7832,79
7833,48
7834,19
7835,92
7836,14
7837,14
7838,28
7839,39
7840,41
7841,14
7842,48
7843,39
7844,17
7845,62
7846,98
7847,48
7848,16
7849,42
7850,87
7851,48
7852,87
7853,9
7854,14
7855,14
7856,75
7857,48
7858,14
7859,14
7860,14
7861,48
7862,6
7863,86
7864,70
7865,41
7866,40
7867,14
7868,14
7869,75
7870,82
7871,86
7872,14
7873,76
7874,48
7875,79
7876,87
7877,39
7878,14
7879,14
7880,87
7881,14
7882,39
7883,9
7884,87
7885,87
7886,14
7887,50
7888,14
7889,87
7890,25
7891,76
7892,14
7893,48
7894,75
7895,86
7896,62
7897,87
7898,50
7899,14
7900,6
7901,48
7902,48
7903,7
7904,14
7905,44
7906,48
7907,48
7908,14
7909,86
7910,75
7911,75
7912,16
7913,14
7914,99
7915,87
7916,75
7917,16
7918,7
7919,14
7920,48
7921,16
7922,62
7923,48
7924,16
7925,25
7926,13
7927,94
7928,39
7929,14
7930,14
7931,14
7932,75
7933,54
7934,74
7935,25
7936,14
7937,78
7938,87
7939,57
7940,48
7941,75
7942,14
7943,14
7944,39
7945,87
7946,87
7947,20
7948,28
7949,44
7950,94
7951,48
7952,95
7953,48
7954,75
7955,39
7956,87
7957,67
7958,14
7959,87
7960,48
7961,16
7962,45
7963,14
7964,48
7965,95
7966,87
7967,75
7968,40
7969,83
7970,14
7971,67
7972,14
7973,14
7974,48
7975,75
7976,75
7977,14
7978,48
7979,86
7980,39
7981,79
7982,39
7983,83
7984,95
7985,40
7986,95
7987,14
7988,44
7989,12
7990,40
7991,14
7992,14
7993,20
7994,41
7995,14
7996,46
7997,62
7998,75
7999,75
8000,87
8001,48
8002,48
8003,41
8004,65
8005,62
8006,94
8007,48
8008,48
8009,87
8010,6
8011,71
8012,87
8013,40
8014,25
8015,75
8016,69
8017,48
8018,14
8019,48
8020,14
8021,94
8022,41
8023,14
8024,71
8025,87
8026,14
8027,20
8028,14
8029,14
8030,78
8031,14
8032,9
8033,48
8034,48
8035,75
8036,79
8037,20
8038,86
8039,48
8040,41
8041,14
8042,48
8043,14
8044,39
8045,48
8046,40
8047,48
8048,39
8049,40
8050,14
8051,39
8052,16
8053,95
8054,75
8055,14
8056,14
8057,7
8058,82
8059,48
8060,40
8061,16
8062,25
8063,87
8064,48
8065,87
8066,14
8067,14
8068,14
8069,14
8070,75
8071,86
8072,14
8073,79
8074,42
8075,41
8076,75
8077,54
8078,14
8079,48
8080,14
8081,87
8082,75
8083,28
8084,41
8085,62
8086,9
8087,40
8088,75
8089,11
8090,14
8091,87
8092,14
8093,40
8094,48
8095,44
8096,48
8097,1
8098,39
8099,75
8100,9
8101,82
8102,16
8103,48
8104,62
8105,79
8106,14
8107,28
8108,48
8109,10
8110,20
8111,7
8112,48
8113,48
8114,10
8115,14
8116,99
8117,14
8118,48
8119,79
8120,7
8121,86
8122,9
8123,44
8124,9
8125,39
8126,14
8127,14
8128,75
8129,40
8130,14
8131,61
8132,41
8133,44
8134,14
8135,46
8136,39
8137,39
8138,14
8139,14
8140,14
8141,44
8142,1
8143,40
8144,14
8145,75
8146,48
8147,16
8148,7
8149,95
8150,75
8151,75
8152,41
8153,39
8154,87
8155,39
8156,7
8157,48
8158,39
8159,48
8160,86
8161,75
8162,92
8163,87
8164,48
8165,83
8166,75
8167,87
8168,40
8169,16
8170,7
8171,86
8172,71
8173,39
8174,14
8175,67
8176,41
8177,99
8178,48
8179,41
8180,39
8181,14
8182,48
8183,62
8184,16
8185,14
8186,41
8187,7
8188,11
8189,88
8190,40
8191,48
8192,82
8193,14
8194,40
8195,14
8196,16
8197,75
8198,40
8199,39
8200,14
8201,39
8202,87
8203,48
8204,16
8205,75
8206,6
8207,14
8208,14
8209,40
8210,83
8211,12
8212,48
8213,39
8214,14
8215,79
8216,14
8217,29
8218,14
8219,48
8220,39
8221,82
8222,54
8223,74
8224,48
8225,14
8226,14
8227,14
8228,82
8229,40
8230,48
8231,14
8232,39
8233,41
8234,14
8235,29
8236,75
8237,14
8238,75
8239,87
8240,92
8241,79
8242,20
8243,14
8244,40
8245,86
8246,75
8247,48
8248,41
8249,75
8250,40
8251,75
8252,14
8253,75
8254,99
8255,50
8256,39
8257,86
8258,76
8259,48
8260,75
8261,14
8262,75
8263,40
8264,14
8265,39
8266,14
8267,7
8268,69
8269,48
8270,39
8271,7
8272,6
8273,86
8274,75
8275,14
8276,41
8277,48
8278,39
8279,16
8280,40
8281,75
8282,94
8283,48
8284,18
8285,14
8286,75
8287,14
8288,41
8289,14
8290,40
8291,75
8292,14
8293,22
8294,86
8295,40
8296,75
8297,7
8298,62
8299,14
8300,86
8301,75
8302,44
8303,41
8304,48
8305,82
8306,39
8307,39
8308,14
8309,87
8310,75
8311,87
8312,14
8313,39
8314,75
8315,14
8316,14
8317,75
8318,14
8319,44
8320,82
8321,86
8322,41
8323,69
8324,48
8325,40
8326,14
8327,76
8328,41
8329,87
8330,75
8331,48
8332,7
8333,79
8334,75
8335,87
8336,87
8337,39
8338,14
8339,40
8340,14
8341,44
8342,79
8343,75
8344,20
8345,54
8346,87
8347,14
8348,48
8349,19
8350,76
8351,79
8352,40
8353,48
8354,69
8355,40
8356,14
8357,51
8358,48
8359,14
8360,14
8361,14
8362,75
8363,4
8364,14
8365,41
8366,48
8367,48
8368,48
8369,86
8370,14
8371,39
8372,14
8373,39
8374,14
8375,87
8376,20
8377,40
8378,75
8379,79
8380,62
8381,14
8382,48
8383,16
8384,39
8385,86
8386,78
8387,40
8388,14
8389,14
8390,75
8391,48
8392,22
8393,39
8394,48
8395,14
8396,40
8397,45
8398,48
8399,14
8400,48
8401,39
8402,20
8403,75
8404,9
8405,48
8406,75
8407,39
8408,87
8409,16
8410,75
8411,92
8412,14
8413,39
8414,14
8415,75
8416,16
8417,22
8418,2
8419,75
8420,41
8421,39
8422,67
8423,48
8424,14
8425,14
8426,14
8427,14
8428,14
8429,86
8430,48
8431,14
8432,16
8433,48
8434,14
8435,48
8436,8
8437,6
8438,79
8439,14
8440,14
8441,14
8442,14
8443,74
8444,14
8445,16
8446,14
8447,16
8448,75
8449,14
8450,82
8451,18
8452,39
8453,14
8454,83
8455,87
8456,14
8457,75
8458,82
8459,39
8460,94
8461,14
8462,48
8463,39
8464,14
8465,14
8466,41
8467,16
8468,16
8469,40
8470,14
8471,16
8472,78
8473,14
8474,75
8475,14
8476,28
8477,39
8478,82
8479,86
8480,14
8481,14
8482,87
8483,14
8484,14
8485,40
8486,14
8487,14
8488,16
8489,99
8490,71
8491,14
8492,14
8493,39
8494,14
8495,39
8496,6
8497,16
8498,14
8499,48
8500,14
8501,79
8502,14
8503,39
8504,39
8505,83
8506,14
8507,48
8508,48
8509,48
8510,7
8511,14
8512,39
8513,14
8514,39
8515,86
8516,41
8517,39
8518,75
8519,14
8520,48
8521,48
8522,75
8523,82
8524,75
8525,48
8526,40
8527,14
8528,86
8529,82
8530,67
8531,79
8532,48
8533,14
8534,12
8535,14
8536,87
8537,48
8538,41
8539,14
8540,96
8541,75
8542,83
8543,86
8544,48
8545,87
8546,16
8547,14
8548,82
8549,82
8550,75
8551,60
8552,19
8553,48
8554,82
8555,69
8556,54
8557,48
8558,99
8559,14
8560,40
8561,39
8562,48
8563,7
8564,42
8565,14
8566,75
8567,60
8568,39
8569,14
8570,14
8571,14
8572,94
8573,41
8574,86
8575,11
8576,48
8577,16
8578,86
8579,48
8580,14
8581,41
8582,14
8583,40
8584,75
8585,86
8586,98
8587,48
8588,14
8589,14
8590,16
8591,14
8592,76
8593,19
8594,1
8595,94
8596,54
8597,45
8598,60
8599,87
8600,71
8601,48
8602,39
8603,12
8604,62
8605,48
8606,14
8607,16
8608,7
8609,48
8610,75
8611,14
8612,75
8613,14
8614,92
8615,14
8616,87
8617,14
8618,70
8619,14
8620,45
8621,54
8622,41
8623,14
8624,75
8625,75
8626,73
8627,51
8628,25
8629,40
8630,16
8631,69
8632,40
8633,14
8634,39
8635,75
8636,14
8637,46
8638,48
8639,14
8640,14
8641,40
8642,14
8643,83
8644,48
8645,75
8646,48
8647,75
8648,75
8649,75
8650,39
8651,48
8652,3
8653,39
8654,19
8655,48
8656,14
8657,87
8658,48
8659,75
8660,87
8661,48
8662,87
8663,48
8664,75
8665,16
8666,48
8667,14
8668,44
8669,48
8670,86
8671,14
8672,48
8673,14
8674,16
8675,7
8676,87
8677,50
8678,41
8679,14
8680,39
8681,14
8682,48
8683,7
8684,76
8685,14
8686,75
8687,48
8688,39
8689,48
8690,14
8691,14
8692,14
8693,14
8694,87
8695,14
8696,14
8697,75
8698,41
8699,16
8700,14
8701,86
8702,14
8703,87
8704,14
8705,83
8706,87
8707,14
8708,75
8709,82
8710,87
8711,48
8712,48
8713,22
8714,54
8715,39
8716,39
8717,14
8718,39
8719,48
8720,75
8721,41
8722,48
8723,82
8724,70
8725,82
8726,48
8727,39
8728,40
8729,48
8730,16
8731,39
8732,16
8733,46
8734,25
8735,48
8736,75
8737,14
8738,14
8739,87
8740,39
8741,14
8742,69
8743,39
8744,86
8745,75
8746,48
8747,14
8748,87
8749,39
8750,22
8751,48
8752,75
8753,14
8754,99
8755,87
8756,14
8757,14
8758,14
8759,83
8760,87
8761,54
8762,14
8763,48
8764,48
8765,14
8766,87
8767,25
8768,11
8769,87
8770,87
8771,48
8772,28
8773,48
8774,75
8775,48
8776,94
8777,39
8778,86
8779,87
8780,75
8781,40
8782,75
8783,48
8784,16
8785,14
8786,44
8787,14
8788,14
8789,75
8790,40
8791,75
8792,62
8793,16
8794,54
8795,75
8796,40
8797,92
8798,75
8799,87
8800,39
8801,14
8802,75
8803,35
8804,7
8805,18
8806,48
8807,3
8808,48
8809,41
8810,16
8811,39
8812,44
8813,62
8814,39
8815,83
8816,57
8817,48
8818,76
8819,62
8820,14
8821,20
8822,14
8823,75
8824,82
8825,76
8826,75
8827,39
8828,28
8829,48
8830,87
8831,7
8832,41
8833,87
8834,39
8835,39
8836,40
8837,39
8838,48
8839,14
8840,48
8841,75
8842,87
8843,86
8844,87
8845,14
8846,39
8847,87
8848,48
8849,87
8850,39
8851,48
8852,62
8853,14
8854,75
8855,13
8856,41
8857,39
8858,9
8859,48
8860,14
8861,14
8862,48
8863,39
8864,19
8865,62
8866,16
8867,83
8868,87
8869,82
8870,20
8871,94
8872,39
8873,48
8874,14
8875,82
8876,33
8877,39
8878,48
8879,94
8880,7
8881,48
8882,39
8883,14
8884,16
8885,54
8886,39
8887,39
8888,75
8889,87
8890,10
8891,87
8892,40
8893,75
8894,14
8895,87
8896,14
8897,14
8898,76
8899,75
8900,22
8901,1
8902,14
8903,14
8904,48
8905,48
8906,14
8907,79
8908,87
8909,16
8910,67
8911,14
8912,75
8913,25
8914,14
8915,19
8916,75
8917,14
8918,87
8919,83
8920,39
8921,16
8922,24
8923,75
8924,78
8925,14
8926,48
8927,55
8928,48
8929,83
8930,99
8931,79
8932,14
8933,48
8934,16
8935,14
8936,75
8937,40
8938,82
8939,14
8940,40
8941,48
8942,14
8943,87
8944,16
8945,39
8946,40
8947,86
8948,48
8949,41
8950,14
8951,14
8952,87
8953,16
8954,87
8955,54
8956,45
8957,39
8958,48
8959,14
8960,86
8961,39
8962,14
8963,48
8964,48
8965,14
8966,14
8967,14
8968,39
8969,75
8970,83
8971,48
8972,14
8973,14
8974,7
8975,7
8976,14
8977,75
8978,19
8979,83
8980,13
8981,75
8982,40
8983,84
8984,48
8985,14
8986,14
8987,39
8988,87
8989,12
8990,48
8991,75
8992,14
8993,48
8994,14
8995,76
8996,75
8997,14
8998,16
8999,75
9000,9
9001,48
9002,39
9003,67
9004,25
9005,16
9006,75
9007,87
9008,39
9009,48
9010,86
9011,62
9012,11
9013,7
9014,41
9015,14
9016,48
9017,48
9018,14
9019,22
9020,41
9021,99
9022,73
9023,6
9024,14
9025,87
9026,41
9027,48
9028,14
9029,40
9030,54
9031,14
9032,9
9033,78
9034,87
9035,75
9036,39
9037,39
9038,40
9039,14
9040,74
9041,79
9042,48
9043,40
9044,14
9045,75
9046,20
9047,16
9048,48
9049,70
9050,16
9051,41
9052,14
9053,14
9054,94
9055,14
9056,45
9057,12
9058,20
9059,41
9060,16
9061,48
9062,16
9063,92
9064,14
9065,48
9066,18
9067,48
9068,87
9069,87
9070,50
9071,87
9072,28
9073,62
9074,48
9075,48
9076,41
9077,40
9078,86
9079,16
9080,92
9081,16
9082,62
9083,69
9084,87
9085,1
9086,6
9087,41
9088,14
9089,48
9090,14
9091,75
9092,9
9093,39
9094,45
9095,40
9096,79
9097,75
9098,14
9099,4
9100,75
9101,87
9102,39
9103,19
9104,48
9105,48
9106,25
9107,14
9108,79
9109,95
9110,54
9111,41
9112,48
9113,75
9114,76
9115,48
9116,39
9117,14
9118,41
9119,41
9120,7
9121,41
9122,48
9123,79
9124,48
9125,9
9126,14
9127,16
9128,14
9129,87
9130,95
9131,14
9132,69
9133,41
9134,76
9135,84
9136,75
9137,14
9138,44
9139,86
9140,39
9141,48
9142,40
9143,14
9144,87
9145,40
9146,22
9147,39
9148,16
9149,14
9150,16
9151,39
9152,62
9153,48
9154,83
9155,14
9156,12
9157,40
9158,87
9159,14
9160,75
9161,39
9162,25
9163,14
9164,14
9165,39
9166,40
9167,75
9168,40
9169,75
9170,20
9171,9
9172,40
9173,86
9174,86
9175,99
9176,14
9177,16
9178,40
9179,87
9180,86
9181,14
9182,48
9183,41
9184,86
9185,14
9186,48
9187,48
9188,1
9189,45
9190,48
9191,48
9192,14
9193,14
9194,39
9195,48
9196,82
9197,76
9198,48
9199,48
9200,16
9201,48
9202,41
9203,86
9204,48
9205,7
9206,14
9207,79
9208,75
9209,44
9210,14
9211,86
9212,44
9213,39
9214,14
9215,22
9216,75
9217,14
9218,79
9219,39
9220,14
9221,26
9222,14
9223,41
9224,75
9225,79
9226,94
9227,48
9228,48
9229,48
9230,87
9231,14
9232,16
9233,54
9234,39
9235,1
9236,48
9237,87
9238,48
9239,10
9240,14
9241,14
9242,69
9243,22
9244,16
9245,14
9246,6
9247,16
9248,86
9249,99
9250,82
9251,14
9252,44
9253,14
9254,14
9255,75
9256,14
9257,48
9258,48
9259,40
9260,14
9261,48
9262,44
9263,62
9264,7
9265,87
9266,92
9267,75
9268,95
9269,14
9270,48
9271,69
9272,14
9273,14
9274,40
9275,14
9276,44
9277,48
9278,48
9279,39
9280,44
9281,14
9282,14
9283,75
9284,78
9285,48
9286,62
9287,79
9288,14
9289,39
9290,40
9291,62
9292,9
9293,14
9294,25
9295,86
9296,48
9297,48
9298,62
9299,62
9300,82
9301,39
9302,48
9303,14
9304,48
9305,14
9306,48
9307,7
9308,14
9309,48
9310,45
9311,86
9312,87
9313,94
9314,39
9315,7
9316,48
9317,87
9318,75
9319,7
9320,69
9321,48
9322,87
9323,39
9324,48
9325,48
9326,14
9327,40
9328,86
9329,87
9330,78
9331,14
9332,75
9333,14
9334,40
9335,14
9336,41
9337,87
9338,39
9339,25
9340,13
9341,48
9342,48
9343,75
9344,14
9345,40
9346,14
9347,86
9348,39
9349,14
9350,9
9351,14
9352,39
9353,87
9354,75
9355,48
9356,41
9357,44
9358,19
9359,48
9360,9
9361,75
9362,14
9363,40
9364,7
9365,75
9366,87
9367,48
9368,14
9369,14
9370,86
9371,87
9372,22
9373,87
9374,48
9375,14
9376,2
9377,41
9378,40
9379,48
9380,48
9381,41
9382,40
9383,82
9384,87
9385,92
9386,16
9387,39
9388,82
9389,82
9390,14
9391,14
9392,10
9393,14
9394,39
9395,39
9396,87
9397,48
9398,87
9399,16
9400,39
9401,39
9402,48
9403,39
9404,78
9405,16
9406,14
9407,95
9408,14
9409,14
9410,40
9411,6
9412,14
9413,40
9414,39
9415,87
9416,75
9417,75
9418,16
9419,78
9420,14
9421,87
9422,41
9423,45
9424,75
9425,78
9426,75
9427,75
9428,14
9429,75
9430,48
9431,87
9432,14
9433,14
9434,14
9435,48
9436,39
9437,14
9438,39
9439,40
9440,14
9441,14
9442,44
9443,74
9444,48
9445,14
9446,87
9447,62
9448,39
9449,14
9450,40
9451,14
9452,79
9453,54
9454,48
9455,48
9456,14
9457,95
9458,87
9459,40
9460,14
9461,40
9462,48
9463,48
9464,75
9465,87
9466,14
9467,48
9468,14
9469,87
9470,6
9471,39
9472,48
9473,75
9474,60
9475,14
9476,92
9477,48
9478,48
9479,48
9480,14
9481,40
9482,87
9483,14
9484,87
9485,14
9486,14
9487,79
9488,60
9489,14
9490,11
9491,48
9492,14
9493,95
9494,87
9495,16
9496,82
9497,75
9498,16
9499,14
9500,39
9501,62
9502,48
9503,6
9504,48
9505,86
9506,87
9507,39
9508,95
9509,40
9510,14
9511,44
9512,48
9513,48
9514,87
9515,41
9516,87
9517,50
9518,6
9519,14
9520,16
9521,25
9522,39
9523,48
9524,79
9525,95
9526,14
9527,14
9528,16
9529,14
9530,48
9531,45
9532,16
9533,44
9534,48
9535,75
9536,39
9537,41
9538,14
9539,6
9540,39
9541,14
9542,40
9543,99
9544,19
9545,82
9546,48
9547,48
9548,14
9549,14
9550,87
9551,75
9552,5
9553,39
9554,48
9555,75
9556,61
9557,40
9558,87
9559,14
9560,14
9561,75
9562,75
9563,87
9564,75
9565,41
9566,14
9567,87
9568,87
9569,82
9570,48
9571,40
9572,14
9573,45
9574,25
9575,41
9576,14
9577,40
9578,75
9579,10
9580,39
9581,87
9582,48
9583,87
9584,14
9585,48
9586,40
9587,29
9588,16
9589,83
9590,75
9591,87
9592,94
9593,75
9594,45
9595,20
9596,16
9597,75
9598,6
9599,14
9600,9
9601,54
9602,39
9603,83
9604,14
9605,40
9606,25
9607,14
9608,86
9609,92
9610,39
9611,95
9612,39
9613,48
9614,48
9615,14
9616,75
9617,45
9618,14
9619,87
9620,92
9621,44
9622,74
9623,87
9624,12
9625,87
9626,48
9627,78
9628,87
9629,82
9630,82
9631,48
9632,1
9633,87
9634,75
9635,48
9636,7
9637,39
9638,14
9639,48
9640,76
9641,79
9642,14
9643,75
9644,48
9645,41
9646,7
9647,14
9648,44
9649,20
9650,92
9651,82
9652,14
9653,16
9654,87
9655,22
9656,11
9657,39
9658,28
9659,11
9660,39
9661,48
9662,16
9663,54
9664,48
9665,48
9666,48
9667,14
9668,44
9669,39
9670,48
9671,20
9672,87
9673,7
9674,7
9675,14
9676,48
9677,87
9678,62
9679,14
9680,41
9681,48
9682,14
9683,14
9684,87
9685,87
9686,78
9687,39
9688,48
9689,14
9690,48
9691,75
9692,48
9693,39
9694,86
9695,48
9696,41
9697,67
9698,14
9699,14
9700,39
9701,48
9702,45
9703,48
9704,86
9705,75
9706,48
9707,87
9708,28
9709,75
9710,95
9711,7
9712,14
9713,87
9714,87
9715,82
9716,9
9717,40
9718,39
9719,48
9720,48
9721,48
9722,83
9723,22
9724,14
9725,16
9726,39
9727,8
9728,41
9729,40
9730,92
9731,14
9732,87
9733,48
9734,70
9735,39
9736,48
9737,14
9738,39
9739,16
9740,86
9741,75
9742,48
9743,87
9744,14
9745,14
9746,95
9747,87
9748,48
9749,13
9750,48
9751,39
9752,48
9753,1
9754,48
9755,14
9756,48
9757,25
9758,14
9759,87
9760,73
9761,39
9762,48
9763,83
9764,41
9765,33
9766,75
9767,14
9768,87
9769,75
9770,14
9771,48
9772,62
9773,14
9774,87
9775,14
9776,99
9777,40
9778,41
9779,94
9780,83
9781,87
9782,40
9783,48
9784,79
9785,14
9786,9
9787,87
9788,14
9789,69
9790,19
9791,71
9792,40
9793,48
9794,14
9795,22
9796,75
9797,75
9798,12
9799,48
9800,7
9801,12
9802,48
9803,83
9804,45
9805,14
9806,92
9807,48
9808,87
9809,39
9810,14
9811,92
9812,14
9813,19
9814,39
9815,48
9816,14
9817,48
9818,76
9819,28
9820,7
9821,79
9822,87
9823,16
9824,75
9825,28
9826,14
9827,87
9828,14
9829,9
9830,14
9831,48
9832,87
9833,48
9834,48
9835,75
9836,39
9837,87
9838,39
9839,94
9840,75
9841,14
9842,48
9843,76
9844,39
9845,95
9846,76
9847,14
9848,82
9849,39
9850,79
9851,48
9852,9
9853,48
9854,75
9855,75
9856,48
9857,39
9858,48
9859,87
9860,39
9861,14
9862,48
9863,41
9864,25
9865,39
9866,87
9867,40
9868,48
9869,54
9870,48
9871,48
9872,95
9873,7
9874,62
9875,87
9876,62
9877,41
9878,40
9879,40
9880,75
9881,39
9882,75
9883,41
9884,75
9885,87
9886,39
9887,14
9888,16
9889,82
9890,39
9891,14
9892,39
9893,75
9894,39
9895,79
9896,14
9897,40
9898,6
9899,39
9900,9
9901,14
9902,75
9903,82
9904,82
9905,87
9906,48
9907,9
9908,14
9909,14
9910,62
9911,66
9912,48
9913,87
9914,87
9915,9
9916,14
9917,87
9918,48
9919,54
9920,19
9921,83
9922,39
9923,14
9924,14
9925,54
9926,40
9927,48
9928,58
9929,41
9930,41
9931,48
9932,25
9933,75
9934,75
9935,14
9936,78
9937,86
9938,39
9939,14
9940,14
9941,14
9942,39
9943,74
9944,14
9945,48
9946,69
9947,9
9948,6
9949,14
9950,16
9951,16
9952,14
9953,39
9954,39
9955,82
9956,39
9957,75
9958,40
9959,48
9960,1
9961,14
9962,48
9963,70
9964,14
9965,48
9966,75
9967,45
9968,39
9969,83
9970,87
9971,87
9972,14
9973,87
9974,95
9975,22
9976,75
9977,14
9978,95
9979,86
9980,48
9981,40
9982,14
9983,48
9984,67
9985,14
9986,86
9987,75
9988,26
9989,14
9990,14
9991,14
9992,44
9993,7
9994,75
9995,48
9996,14
9997,6
9998,48
9999,14
